elapsed_s,tcp_x_m,tcp_y_m,tcp_z_m,tcp_rx_deg,tcp_ry_deg,tcp_rz_deg,rb_raw_x_m,rb_raw_y_m,rb_raw_z_m,rb_qx,rb_qy,rb_qz,rb_qw,rb_aligned_x_m,rb_aligned_y_m,rb_aligned_z_m,mocap_age_ms,error_mm
0.0009,0.007269,-0.256936,1.32996,0.7817,-0.0113,179.943,-0.529391,2.137138,-0.477489,-0.013071,-0.021105,0.029052,-0.99927,0.048216,-0.273451,1.324425,-2.694,44.4982
0.1401,0.00742,-0.256648,1.330009,0.7581,-0.0025,179.9385,-0.529266,2.137177,-0.477368,-0.012971,-0.020455,0.028919,-0.999288,0.048268,-0.273285,1.324465,5.339,44.4533
0.2522,0.007825,-0.255879,1.330138,0.6948,0.0212,179.9263,-0.528844,2.137249,-0.476858,-0.011059,-0.020761,0.028028,-0.99933,0.048534,-0.272679,1.324536,0.733,44.3949
0.3523,0.008401,-0.254784,1.33032,0.6045,0.0549,179.9089,-0.527868,2.137321,-0.475602,-0.012174,-0.019352,0.029366,-0.999307,0.049214,-0.27124,1.324602,0.994,44.376
0.4576,0.009232,-0.253203,1.330577,0.4741,0.1034,179.8837,-0.52742,2.137608,-0.474191,-0.00577,-0.00726,0.018263,-0.99979,0.050278,-0.270205,1.324869,6.36,44.7936
0.5613,0.010245,-0.251273,1.330882,0.3148,0.1624,179.8529,-0.525841,2.137812,-0.472682,-0.004664,-0.014308,0.020628,-0.999674,0.050915,-0.268116,1.325077,-0.818,44.4007
0.6848,0.011755,-0.24839,1.331322,0.0762,0.25,179.8064,-0.523613,2.138094,-0.469722,-0.006708,-0.014496,0.020023,-0.999672,0.052554,-0.264792,1.325347,-0.776,44.3761
0.8292,0.013891,-0.244304,1.331911,-0.2627,0.3733,179.74,-0.520567,2.138459,-0.466103,-0.005012,-0.01766,0.022281,-0.999583,0.054412,-0.260442,1.325704,2.771,44.0557
1.0242,0.017237,-0.237876,1.332756,-0.7978,0.565,179.6342,-0.515915,2.139058,-0.460098,-0.00154,-0.013117,0.020024,-0.999712,0.057677,-0.253582,1.32628,5.419,43.8639
1.2248,0.020019,-0.232507,1.333385,-1.2469,0.7231,179.5444,-0.512152,2.139745,-0.455314,-9.9e-05,-0.017676,0.016731,-0.999704,0.060259,-0.248068,1.326951,6.554,43.6209
1.3705,0.021542,-0.22956,1.3337,-1.4941,0.8091,179.4946,-0.510196,2.140037,-0.452373,0.003279,-0.010647,0.009245,-0.999895,0.062005,-0.244995,1.327223,2.747,43.7884
1.5171,0.02264,-0.22743,1.333914,-1.6732,0.8709,179.4584,-0.508502,2.140012,-0.450454,0.001935,-0.014913,0.011212,-0.999824,0.062947,-0.242616,1.327197,7.289,43.5932
1.6397,0.023235,-0.226275,1.334026,-1.7704,0.9043,179.4387,-0.507569,2.140214,-0.449217,0.003905,-0.013672,0.009523,-0.999854,0.063633,-0.241226,1.327394,5.175,43.5834
1.7564,0.023529,-0.225704,1.33408,-1.8185,0.9207,179.4289,-0.5072,2.140259,-0.448611,0.00362,-0.013406,0.009281,-0.999861,0.064009,-0.240622,1.327434,5.027,43.6498
1.8895,0.023756,-0.22519,1.33414,-1.8337,0.9322,179.4087,-0.506837,2.140245,-0.448307,0.002737,-0.016559,0.011615,-0.999792,0.064115,-0.240161,1.327422,4.633,43.5667
2.0385,0.024601,-0.223206,1.33438,-1.8674,0.9734,179.3207,-0.505256,2.14035,-0.446768,0.006161,-0.009097,0.011947,-0.999868,0.064774,-0.238055,1.327531,1.403,43.3729
2.1731,0.02597,-0.220005,1.334754,-1.9217,1.0397,179.1784,-0.503154,2.140625,-0.444213,0.006464,-0.007881,0.00954,-0.999903,0.066108,-0.235027,1.3278,5.252,43.418
2.2799,0.027495,-0.216457,1.335152,-1.9822,1.1132,179.0204,-0.500316,2.141037,-0.441293,0.007425,-0.000892,0.008909,-0.999932,0.067439,-0.23118,1.328215,3.499,43.1328
2.3903,0.02944,-0.211959,1.335631,-2.059,1.2062,178.8195,-0.497116,2.141431,-0.437685,0.007854,-0.004545,0.010639,-0.999902,0.069219,-0.226697,1.328606,5.521,42.9997
2.5063,0.031925,-0.206253,1.336197,-2.1569,1.3238,178.564,-0.49285,2.141936,-0.43322,0.011395,-0.002966,0.011943,-0.999859,0.071284,-0.220878,1.329114,4.015,42.5813
2.6292,0.035028,-0.199196,1.336833,-2.2785,1.4689,178.2466,-0.487754,2.142357,-0.427292,0.009793,0.002936,0.009353,-0.999904,0.074274,-0.213654,1.329526,1.166,42.4578
2.7362,0.0382,-0.192058,1.337403,-2.4023,1.6152,177.9241,-0.482567,2.142862,-0.421255,0.008411,0.001542,0.010398,-0.999909,0.077322,-0.206302,1.330022,2.035,42.2842
2.8509,0.041496,-0.184718,1.337911,-2.5304,1.7652,177.5908,-0.477076,2.143343,-0.414803,0.013105,0.007679,0.007189,-0.999859,0.080602,-0.198489,1.330491,-0.754,42.1189
2.9796,0.044709,-0.177637,1.338328,-2.6546,1.9094,177.2677,-0.471764,2.143608,-0.40894,0.014826,0.009033,0.009077,-0.999808,0.083432,-0.191101,1.330754,3.022,41.6898
3.0848,0.046972,-0.172695,1.338574,-2.7418,2.0098,177.0412,-0.468075,2.143692,-0.404625,0.015546,0.013003,0.008701,-0.999757,0.08561,-0.185858,1.33083,0.873,41.5469
3.2099,0.049153,-0.167965,1.338776,-2.8256,2.1057,176.8237,-0.464528,2.143898,-0.400618,0.016941,0.008805,0.010126,-0.999767,0.087583,-0.180883,1.331032,0.515,41.2759
3.3364,0.050847,-0.164314,1.338909,-2.8905,2.1796,176.6553,-0.46179,2.143985,-0.397401,0.018471,0.01456,0.008901,-0.999684,0.089213,-0.176986,1.331114,1.867,41.1499
3.456,0.051965,-0.161912,1.338986,-2.9333,2.2281,176.5443,-0.460056,2.143999,-0.395292,0.017353,0.013235,0.010453,-0.999707,0.090309,-0.174485,1.331123,4.272,41.1109
3.5755,0.052599,-0.160557,1.339026,-2.9575,2.2555,176.4816,-0.459078,2.144068,-0.394082,0.018922,0.013568,0.008411,-0.999694,0.090946,-0.173065,1.331189,-1.036,41.0903
3.6817,0.052816,-0.160079,1.339019,-2.9576,2.2656,176.4637,-0.458859,2.144033,-0.393872,0.01919,0.014081,0.007883,-0.999686,0.091033,-0.172775,1.331154,4.903,41.031
3.786,0.053273,-0.159008,1.338899,-2.9143,2.2903,176.4454,-0.458075,2.14396,-0.392946,0.017279,0.012626,0.010437,-0.999717,0.091501,-0.171656,1.331079,9.708,41.0185
3.8905,0.054174,-0.156897,1.33866,-2.8288,2.3392,176.4095,-0.456635,2.14366,-0.391311,0.019776,0.015344,0.009558,-0.999641,0.092297,-0.169628,1.330778,5.911,40.9579
4.0086,0.055738,-0.153247,1.338231,-2.6807,2.4239,176.3478,-0.454285,2.14332,-0.388565,0.017955,0.015317,0.011854,-0.999651,0.09367,-0.166285,1.330433,4.785,40.8612
4.1606,0.058607,-0.146589,1.337402,-2.4099,2.579,176.2365,-0.449515,2.142449,-0.382985,0.018213,0.020563,0.012081,-0.99955,0.096456,-0.159494,1.329554,0.468,40.752
4.2896,0.061777,-0.139288,1.336425,-2.1117,2.7501,176.1163,-0.444334,2.14143,-0.377229,0.019678,0.022199,0.015279,-0.999443,0.099208,-0.152256,1.328532,4.622,40.3918
4.4073,0.06532,-0.131201,1.335256,-1.7799,2.9408,175.9855,-0.438982,2.140514,-0.371098,0.019901,0.016227,0.018666,-0.999496,0.10222,-0.144696,1.32761,6.033,40.0269
4.5101,0.068869,-0.123176,1.334006,-1.4491,3.1313,175.858,-0.433092,2.139088,-0.364008,0.01705,0.014731,0.023007,-0.999481,0.105828,-0.136217,1.326168,0.502,39.9682
4.6097,0.072781,-0.114411,1.332538,-1.0858,3.3408,175.7215,-0.426859,2.137648,-0.356592,0.018477,0.019061,0.027382,-0.999272,0.109569,-0.127283,1.324714,0.623,39.7527
4.6312,0.073654,-0.112467,1.332198,-1.005,3.3875,175.6917,-0.425814,2.137398,-0.355544,0.019802,0.02274,0.025954,-0.999208,0.110023,-0.125874,1.324467,4.881,39.5247
4.7412,0.077725,-0.103457,1.33055,-0.6289,3.6047,175.5551,-0.419463,2.135607,-0.348038,0.019864,0.025581,0.031102,-0.998991,0.11378,-0.11679,1.322662,6.591,39.242
4.8443,0.081057,-0.096151,1.329128,-0.3223,3.7821,175.4466,-0.414076,2.134138,-0.341138,0.018011,0.0216,0.034293,-0.999016,0.117443,-0.108845,1.32117,1.289,39.35
4.9438,0.083904,-0.089956,1.327861,-0.0611,3.9333,175.3562,-0.409778,2.132933,-0.33632,0.018775,0.019274,0.037514,-0.998934,0.119754,-0.102816,1.319963,0.613,38.8971
4.9651,0.084474,-0.08872,1.327602,-0.0088,3.9635,175.3384,-0.409031,2.132589,-0.335385,0.021475,0.025393,0.035983,-0.998799,0.120238,-0.101723,1.319616,5.33,38.8832
5.0918,0.087346,-0.082525,1.326267,0.2539,4.1157,175.2498,-0.40473,2.131245,-0.330042,0.019171,0.026609,0.039206,-0.998693,0.12301,-0.095452,1.318257,7.071,38.7714
5.1939,0.089176,-0.078598,1.325391,0.4209,4.2125,175.1945,-0.40173,2.130408,-0.326162,0.019797,0.020619,0.04144,-0.998732,0.125083,-0.091009,1.317406,0.568,38.822
5.3025,0.090628,-0.075495,1.324683,0.5533,4.2892,175.1512,-0.399428,2.129659,-0.323648,0.021475,0.027501,0.043492,-0.998444,0.126258,-0.087809,1.316657,1.395,38.543
5.4079,0.091565,-0.073497,1.32422,0.6387,4.3387,175.1235,-0.398077,2.129048,-0.321642,0.019145,0.027549,0.04337,-0.998496,0.127415,-0.08569,1.316034,7.102,38.7408
5.5188,0.092025,-0.072518,1.32399,0.6806,4.363,175.11,-0.39741,2.128814,-0.320861,0.019055,0.027696,0.04357,-0.998485,0.127801,-0.084738,1.315799,0.592,38.6819
5.6417,0.092337,-0.07193,1.323866,0.6811,4.4123,175.1134,-0.397177,2.128652,-0.320657,0.017983,0.025138,0.046495,-0.99844,0.127872,-0.084436,1.315638,6.355,38.5597
5.7752,0.093308,-0.070124,1.323487,0.6703,4.5802,175.1295,-0.396109,2.128244,-0.318592,0.019266,0.021475,0.045757,-0.998536,0.129216,-0.082544,1.315209,7.469,38.8864
5.9027,0.094882,-0.067176,1.322858,0.6528,4.8542,175.1557,-0.393993,2.127529,-0.316,0.022199,0.019569,0.047561,-0.99843,0.130546,-0.079474,1.314488,0.555,38.6422
6.0243,0.096957,-0.063254,1.322003,0.6294,5.2186,175.1902,-0.391345,2.126682,-0.312617,0.027503,0.025635,0.047727,-0.998153,0.132335,-0.075571,1.31363,3.909,38.3849
6.1658,0.100004,-0.057415,1.320688,0.5945,5.7607,175.241,-0.387786,2.12522,-0.307388,0.030247,0.017945,0.049797,-0.99814,0.135337,-0.070012,1.312137,6.069,38.474
6.2967,0.103441,-0.050712,1.319118,0.5544,6.3827,175.2985,-0.383415,2.123541,-0.300861,0.035932,0.021965,0.05019,-0.997851,0.139122,-0.063138,1.310418,3.15,38.7722
6.4085,0.106575,-0.044485,1.317601,0.517,6.9601,175.3512,-0.37916,2.121729,-0.295218,0.04013,0.022502,0.053056,-0.997531,0.142167,-0.056767,1.308584,6.962,38.7161
6.5108,0.109013,-0.039564,1.316364,0.4874,7.4162,175.3922,-0.375552,2.120309,-0.290557,0.045282,0.021992,0.055668,-0.99718,0.144642,-0.051422,1.307147,1.299,38.6654
6.6255,0.111296,-0.034891,1.315156,0.4592,7.8493,175.4308,-0.37285,2.119015,-0.286379,0.049137,0.023357,0.052731,-0.997126,0.147101,-0.047105,1.305825,6.536,38.9656
6.7251,0.112833,-0.031708,1.314316,0.4399,8.1442,175.4568,-0.370409,2.11798,-0.283396,0.051274,0.022562,0.055185,-0.996904,0.148622,-0.043566,1.304783,7.205,38.8889
6.7464,0.11313,-0.031089,1.314151,0.4362,8.2015,175.4618,-0.369667,2.117824,-0.282565,0.050143,0.022859,0.058054,-0.996791,0.149022,-0.042526,1.304627,2.911,38.8556
6.8739,0.114513,-0.028193,1.313371,0.4186,8.4698,175.4852,-0.367743,2.116888,-0.280275,0.053534,0.019065,0.058927,-0.996644,0.150162,-0.039761,1.303687,0.609,38.7096
6.9872,0.115251,-0.026639,1.312948,0.4092,8.6138,175.4978,-0.36695,2.116421,-0.278269,0.055012,0.023537,0.054955,-0.996694,0.151576,-0.03814,1.303194,2.37,39.3309
7.1256,0.115581,-0.02594,1.312763,0.4052,8.6744,175.5032,-0.366547,2.11629,-0.277863,0.055293,0.023904,0.055159,-0.996659,0.15175,-0.037596,1.303063,7.757,39.2191
7.2437,0.116069,-0.0249,1.312648,0.405,8.6677,175.5065,-0.365725,2.116079,-0.277163,0.055606,0.019349,0.057732,-0.996595,0.151996,-0.036543,1.302856,0.698,39.0145
7.3488,0.117062,-0.022776,1.312409,0.4045,8.6539,175.5132,-0.364554,2.116017,-0.275246,0.054518,0.023715,0.054483,-0.996743,0.153172,-0.03463,1.30278,5.941,39.206
7.4582,0.11864,-0.019379,1.312016,0.4039,8.6319,175.524,-0.361772,2.11549,-0.272477,0.054943,0.026439,0.056963,-0.996513,0.154364,-0.030889,1.302259,6.679,38.78
7.5767,0.120938,-0.014383,1.311413,0.4029,8.5996,175.5399,-0.358523,2.114834,-0.268824,0.054195,0.021219,0.057211,-0.996664,0.156128,-0.02633,1.3016,8.821,38.4367
7.7143,0.123988,-0.007657,1.310557,0.4015,8.5561,175.5612,-0.353388,2.113864,-0.262544,0.052511,0.017693,0.059136,-0.996711,0.15937,-0.018896,1.300615,4.279,38.4327
7.8334,0.126046,-0.003054,1.309942,0.4006,8.5263,175.5758,-0.350325,2.113309,-0.25892,0.055336,0.022069,0.05505,-0.996705,0.161195,-0.014517,1.300053,6.911,38.2708
7.9437,0.127353,-0.000106,1.309535,0.4,8.5072,175.5851,-0.348053,2.112929,-0.256067,0.05434,0.023511,0.054452,-0.996759,0.162698,-0.011195,1.299664,0.605,38.3362
8.0588,0.128134,0.001667,1.309285,0.3996,8.4957,175.5907,-0.346698,2.112663,-0.254169,0.052109,0.023947,0.053969,-0.996894,0.163768,-0.009124,1.299388,-0.734,38.5249
8.1651,0.128371,0.002214,1.309202,0.4002,8.4917,175.5942,-0.346507,2.112667,-0.25395,0.052419,0.023565,0.053819,-0.996895,0.163876,-0.008854,1.299393,5.362,38.4619
8.2731,0.128766,0.003216,1.308978,0.4106,8.477,175.6229,-0.345698,2.112312,-0.253411,0.053905,0.023904,0.054765,-0.996757,0.163978,-0.007884,1.299045,4.291,38.2335
8.3757,0.129608,0.005365,1.308493,0.433,8.4455,175.6845,-0.34404,2.111761,-0.252367,0.055009,0.020913,0.057888,-0.996587,0.164142,-0.005927,1.298513,7.732,37.6787
8.4741,0.130806,0.008448,1.307787,0.465,8.4003,175.7728,-0.342011,2.111157,-0.249951,0.054398,0.017854,0.056557,-0.996756,0.165356,-0.003017,1.297904,5.413,37.7207
8.4959,0.131128,0.009281,1.307595,0.4736,8.3881,175.7966,-0.34123,2.110885,-0.249052,0.051624,0.015664,0.059311,-0.996781,0.165795,-0.00191,1.297631,2.748,37.7668
8.6096,0.133096,0.014427,1.306389,0.5271,8.3128,175.9438,-0.338007,2.109936,-0.245195,0.051454,0.021884,0.054001,-0.996974,0.167744,0.002722,1.296674,8.061,37.8396
8.7203,0.135455,0.020707,1.304876,0.5923,8.2208,176.1234,-0.333041,2.108277,-0.240796,0.053473,0.021135,0.055779,-0.996786,0.169363,0.009162,1.295039,1.912,37.1466
8.8203,0.137964,0.027537,1.30318,0.6633,8.1209,176.3185,-0.328276,2.106681,-0.23535,0.047611,0.011669,0.057759,-0.997126,0.172009,0.015896,1.293438,2.223,37.2758
8.9195,0.140733,0.035264,1.301197,0.7435,8.0079,176.539,-0.323119,2.104916,-0.229876,0.048009,0.017031,0.052562,-0.997318,0.174497,0.022994,1.291677,8.011,37.1639
8.9406,0.141395,0.037139,1.300706,0.763,7.9805,176.5925,-0.32149,2.104275,-0.228512,0.046837,0.013401,0.055365,-0.997277,0.174955,0.025071,1.291045,5.624,36.9495
9.0617,0.144978,0.047523,1.297912,0.871,7.8286,176.8886,-0.31315,2.101248,-0.220372,0.044308,0.006817,0.058997,-0.997251,0.178338,0.03623,1.288041,1.748,36.5772
9.1788,0.147925,0.056367,1.295435,0.963,7.6993,177.1405,-0.306696,2.09879,-0.214157,0.045369,0.009656,0.055969,-0.997354,0.180877,0.044828,1.285603,2.034,36.2711
9.3002,0.150339,0.06383,1.293275,1.0407,7.5902,177.3531,-0.301011,2.096729,-0.208498,0.043639,0.00862,0.055382,-0.997474,0.183281,0.052484,1.283556,6.878,36.1714
9.4199,0.152207,0.069755,1.291515,1.1024,7.5035,177.5219,-0.295976,2.094712,-0.204435,0.044393,0.005081,0.058875,-0.997265,0.184558,0.058838,1.281573,2.068,35.5615
9.5355,0.153527,0.074023,1.290223,1.1469,7.441,177.6434,-0.292996,2.09349,-0.201415,0.042171,-0.001253,0.059084,-0.997361,0.185863,0.062876,1.280356,9.226,35.5978
9.6467,0.154357,0.076747,1.289386,1.1753,7.4012,177.7209,-0.290618,2.092548,-0.199386,0.040394,-0.000526,0.060353,-0.997359,0.186564,0.065927,1.279427,3.488,35.4051
9.7634,0.154808,0.078239,1.288925,1.1909,7.3793,177.7634,-0.289345,2.092107,-0.198042,0.042395,0.001725,0.059393,-0.997333,0.187172,0.067676,1.278987,3.842,35.4645
9.8866,0.155,0.078809,1.288781,1.1926,7.3744,177.7695,-0.289089,2.092022,-0.197813,0.042511,0.001695,0.05893,-0.997355,0.187257,0.068009,1.278903,1.769,35.4217
10.002,0.155593,0.080486,1.288405,1.1914,7.365,177.7721,-0.287894,2.091522,-0.196542,0.042711,0.00582,0.055753,-0.997514,0.187833,0.069656,1.278404,0.589,35.4493
10.1161,0.156631,0.083439,1.287734,1.1891,7.3483,177.7768,-0.285903,2.091005,-0.194099,0.041394,0.006832,0.055256,-0.99759,0.189093,0.072544,1.277881,5.73,35.6306
10.2246,0.158019,0.08743,1.286812,1.1861,7.3258,177.7831,-0.282936,2.090133,-0.191607,0.04008,-0.002855,0.059481,-0.99742,0.189942,0.076328,1.277027,6.469,35.1868
10.3274,0.159678,0.092263,1.285671,1.1824,7.2985,177.7908,-0.278979,2.088748,-0.187931,0.041093,0.003423,0.058616,-0.997429,0.191384,0.081537,1.275657,0.749,34.9368
10.4238,0.161242,0.096883,1.284556,1.1789,7.2723,177.7981,-0.275542,2.087663,-0.184495,0.040046,0.001422,0.05889,-0.99746,0.192855,0.086171,1.27458,5.437,34.8381
10.445,0.161554,0.097813,1.284329,1.1782,7.2671,177.7995,-0.274682,2.087355,-0.183809,0.039517,-0.001358,0.05986,-0.997423,0.193067,0.087252,1.274277,1.515,34.7228
10.5355,0.162654,0.101114,1.283514,1.1757,7.2484,177.8048,-0.272104,2.086654,-0.181328,0.042017,0.00606,0.056167,-0.997519,0.194089,0.090682,1.273584,0.827,34.577
10.5565,0.162881,0.101798,1.283344,1.1752,7.2445,177.8059,-0.271658,2.086534,-0.181,0.043066,0.006135,0.055732,-0.997498,0.194176,0.09123,1.273467,4.593,34.4764
10.6461,0.163625,0.104054,1.282778,1.1734,7.2317,177.8094,-0.270046,2.085732,-0.179171,0.04115,0.002665,0.056522,-0.997549,0.195051,0.093505,1.272665,2.183,34.6571
10.6672,0.163771,0.104497,1.282666,1.1731,7.2292,177.8101,-0.269789,2.085638,-0.178935,0.041755,0.002826,0.056382,-0.997532,0.195141,0.093842,1.272572,7.561,34.6344
10.7841,0.164281,0.106055,1.282272,1.1719,7.2204,177.8126,-0.268228,2.085244,-0.177595,0.039894,-0.002363,0.058582,-0.997482,0.195617,0.095845,1.272186,-0.677,34.4655
10.8879,0.164416,0.106467,1.282167,1.1716,7.218,177.8133,-0.268051,2.085169,-0.177434,0.040039,-0.002222,0.058073,-0.997507,0.195677,0.096077,1.272112,2.964,34.443
10.9896,0.164759,0.107522,1.281897,1.1707,7.2121,177.815,-0.267231,2.0849,-0.17662,0.040171,0.003058,0.056877,-0.997568,0.196023,0.09718,1.271845,5.132,34.4301
11.0987,0.165486,0.109764,1.281321,1.1689,7.1994,177.8186,-0.265744,2.084337,-0.175178,0.039956,0.001566,0.056803,-0.997584,0.196617,0.099166,1.271287,5.031,34.3827
11.208,0.1666,0.113235,1.280418,1.1661,7.1797,177.8242,-0.263215,2.083544,-0.17279,0.041647,0.00437,0.054605,-0.99763,0.197576,0.102511,1.270501,6.579,34.2463
11.3107,0.16796,0.117524,1.279282,1.1627,7.1553,177.8312,-0.259715,2.082142,-0.169765,0.039298,-0.002163,0.059636,-0.997444,0.198643,0.107019,1.269119,0.577,33.9862
11.4335,0.169868,0.123641,1.277627,1.1577,7.1205,177.8411,-0.255574,2.080724,-0.165221,0.04095,0.005431,0.052682,-0.997757,0.200772,0.112786,1.267701,6.154,34.2265
11.5533,0.171302,0.128323,1.276332,1.1539,7.0939,177.8487,-0.25142,2.079215,-0.161855,0.039587,0.001699,0.056147,-0.997636,0.201844,0.118032,1.266219,1.867,33.7778
11.6783,0.172353,0.131798,1.275354,1.151,7.074,177.8544,-0.248345,2.078223,-0.159449,0.041826,0.004086,0.05631,-0.997528,0.202565,0.121875,1.265249,0.954,33.3672
11.7996,0.172907,0.133649,1.274828,1.1495,7.0635,177.8574,-0.247066,2.077606,-0.158006,0.039093,0.001701,0.056616,-0.997629,0.203252,0.123676,1.264631,6.459,33.5298
11.9072,0.173063,0.134173,1.274678,1.1491,7.0605,177.8583,-0.246634,2.077462,-0.157576,0.037975,-0.001044,0.05838,-0.997571,0.203436,0.124257,1.264489,6.062,33.5354
12.0121,0.173344,0.135115,1.274408,1.1483,7.0551,177.8598,-0.24595,2.077259,-0.156873,0.0382,-0.001878,0.058462,-0.997557,0.203745,0.125188,1.264286,2.301,33.5446
12.1152,0.173923,0.137069,1.273845,1.1467,7.0439,177.8629,-0.244663,2.076739,-0.155659,0.039297,0.001769,0.053733,-0.99778,0.204228,0.126891,1.263771,5.647,33.5183
12.2168,0.174798,0.140048,1.272978,1.1443,7.0269,177.8676,-0.242233,2.075837,-0.153907,0.040346,0.001964,0.056063,-0.99761,0.204661,0.129863,1.262889,6.922,33.1264
12.3283,0.176062,0.144407,1.271691,1.1407,7.0019,177.8746,-0.238892,2.074521,-0.150727,0.039,0.001095,0.055964,-0.99767,0.205941,0.134297,1.261585,1.844,33.1226
12.438,0.177603,0.149815,1.270064,1.1362,6.9709,177.8833,-0.234771,2.072797,-0.147299,0.039453,0.001387,0.05548,-0.997679,0.207076,0.139544,1.259886,2.795,32.8284
12.5355,0.1788,0.154086,1.268755,1.1326,6.9463,177.8901,-0.231142,2.07138,-0.144013,0.037497,-0.002669,0.057014,-0.997665,0.208316,0.144285,1.258485,0.559,32.7531
12.5565,0.179009,0.154841,1.268522,1.132,6.9419,177.8913,-0.230768,2.071177,-0.143387,0.037753,0.004653,0.053418,-0.997847,0.208698,0.144904,1.258277,4.914,32.9408
12.6655,0.179959,0.15829,1.267447,1.1291,6.9221,177.8969,-0.227844,2.070046,-0.141167,0.038176,-0.00099,0.057146,-0.997635,0.209318,0.14853,1.257169,4.426,32.6005
12.7822,0.180599,0.160638,1.266707,1.1271,6.9085,177.9007,-0.225727,2.069256,-0.139637,0.037563,-0.004123,0.059194,-0.997531,0.209697,0.151119,1.256397,4.709,32.3042
12.9021,0.180881,0.161676,1.266378,1.1263,6.9025,177.9023,-0.224963,2.0689,-0.138799,0.037556,-0.000927,0.057159,-0.997658,0.210087,0.152184,1.256042,0.598,32.403
13.0012,0.180937,0.161912,1.266229,1.1168,6.9076,177.8991,-0.224776,2.068692,-0.138671,0.038236,-0.00055,0.056898,-0.997647,0.210109,0.152411,1.255835,-0.662,32.3931
13.0231,0.180961,0.162014,1.266158,1.1119,6.9103,177.8974,-0.22483,2.068652,-0.138626,0.039084,0.001742,0.054973,-0.997721,0.210173,0.152385,1.255793,4.337,32.4577
13.1451,0.18118,0.162961,1.265498,1.0665,6.9354,177.8814,-0.223996,2.068159,-0.137788,0.039416,0.004623,0.05476,-0.997711,0.210527,0.153513,1.255301,1.945,32.4723
13.2799,0.181596,0.16478,1.264224,0.9789,6.9835,177.8506,-0.22284,2.06691,-0.136637,0.039446,0.002884,0.049875,-0.997972,0.210989,0.15508,1.254056,3.068,32.5803
13.4249,0.18222,0.167575,1.262248,0.8437,7.0568,177.8028,-0.220405,2.064816,-0.135337,0.04117,0.000473,0.053716,-0.997707,0.210978,0.157865,1.251994,5.893,32.0391
13.5451,0.182871,0.170581,1.260098,0.6974,7.1347,177.7509,-0.217842,2.062543,-0.133241,0.041852,0.003134,0.051873,-0.997772,0.211614,0.161126,1.249738,1.912,31.9823
13.6853,0.183762,0.174855,1.256997,0.4877,7.244,177.6762,-0.214399,2.05931,-0.130494,0.042025,0.000546,0.052486,-0.997737,0.2124,0.165478,1.24653,-0.816,31.9
13.7829,0.184417,0.178138,1.254578,0.3253,7.3268,177.6181,-0.211884,2.05712,-0.128333,0.044105,0.004352,0.048644,-0.997832,0.213117,0.168725,1.244354,4.961,31.8875
13.8041,0.184539,0.178764,1.254113,0.2941,7.3424,177.6069,-0.21096,2.05634,-0.128112,0.04265,-0.004189,0.053868,-0.997628,0.212872,0.169659,1.243593,2.375,31.5642
13.9517,0.185315,0.182853,1.251048,0.0899,7.4437,177.5334,-0.207757,2.053227,-0.125186,0.047367,0.007535,0.044998,-0.997835,0.21393,0.173877,1.240495,0.535,31.7917
14.0699,0.185784,0.185432,1.249088,-0.04,7.5068,177.4864,-0.205282,2.051077,-0.124104,0.04914,0.003075,0.048414,-0.997613,0.213706,0.176598,1.238384,1.635,31.1801
14.1813,0.186119,0.187327,1.247634,-0.1359,7.5527,177.4517,-0.203919,2.049627,-0.122788,0.049812,0.005045,0.046338,-0.99767,0.214214,0.178427,1.236938,4.505,31.352
14.2821,0.186334,0.188569,1.246675,-0.199,7.5825,177.4287,-0.202593,2.048512,-0.121905,0.049911,0.007704,0.04764,-0.997587,0.214366,0.180023,1.235837,5.044,31.2452
14.3867,0.186478,0.189413,1.246021,-0.2419,7.6027,177.4131,-0.201903,2.047763,-0.121548,0.049632,0.001374,0.04825,-0.9976,0.214348,0.180808,1.235097,1.685,31.1461
14.4951,0.186545,0.189809,1.245714,-0.2621,7.6122,177.4058,-0.201661,2.047443,-0.121122,0.049598,0.004602,0.045134,-0.997738,0.214607,0.181221,1.234773,2.027,31.3196
14.6058,0.186646,0.19023,1.245433,-0.2693,7.6183,177.4129,-0.201335,2.047184,-0.120748,0.049459,0.008691,0.043998,-0.997769,0.214785,0.181684,1.234514,4.46,31.3693
14.7037,0.186876,0.191172,1.24481,-0.2837,7.6315,177.4307,-0.200498,2.046697,-0.120081,0.04941,0.005406,0.045894,-0.997709,0.214985,0.182738,1.234033,2.253,31.2636
14.7247,0.186939,0.191432,1.244638,-0.2877,7.6352,177.4357,-0.200182,2.04639,-0.120181,0.048617,0.00041,0.050002,-0.997565,0.214743,0.182978,1.233736,6.331,31.0374
14.8337,0.187378,0.193233,1.243438,-0.3154,7.6605,177.4698,-0.19898,2.045141,-0.118867,0.051064,0.00659,0.04448,-0.997683,0.21533,0.18466,1.232488,-0.953,31.2199
14.9534,0.188055,0.196013,1.241569,-0.3582,7.6998,177.5226,-0.196665,2.043472,-0.116952,0.0523,0.00857,0.044326,-0.99761,0.215936,0.187611,1.230834,2.337,31.0352
15.0603,0.188831,0.199206,1.239395,-0.4075,7.7452,177.5835,-0.19453,2.041232,-0.114755,0.049985,0.005795,0.043387,-0.99779,0.216856,0.190536,1.228598,0.554,31.259
15.1688,0.189762,0.203042,1.236743,-0.4672,7.8003,177.6571,-0.191069,2.038433,-0.11268,0.05271,0.002277,0.048384,-0.997435,0.217049,0.194595,1.22584,0.654,30.5743
15.2806,0.190888,0.207688,1.233474,-0.5399,7.8677,177.7466,-0.189153,2.03551,-0.109659,0.065019,0.032791,0.018707,-0.99717,0.218781,0.197706,1.222897,3.728,31.4569
15.4006,0.192267,0.213399,1.229365,-0.6301,7.9516,177.8575,-0.184674,2.031482,-0.105634,0.060425,0.030094,0.02088,-0.9975,0.220211,0.203571,1.21889,6.903,31.4196
15.5293,0.193778,0.219674,1.224734,-0.7301,8.0452,177.9803,-0.179402,2.026455,-0.101464,0.065974,0.033027,0.019075,-0.997092,0.221381,0.210219,1.213902,1.499,31.1224
15.6395,0.194893,0.224317,1.221227,-0.8049,8.1154,178.072,-0.175841,2.022932,-0.098624,0.067377,0.029652,0.017712,-0.99713,0.222188,0.214722,1.210405,4.365,30.8891
15.7661,0.195963,0.228782,1.217787,-0.8773,8.1837,178.1608,-0.172575,2.019425,-0.095635,0.067966,0.028433,0.01474,-0.997174,0.22326,0.219029,1.206913,6.324,30.9596
15.9027,0.196877,0.232605,1.214789,-0.9398,8.2428,178.2372,-0.169248,2.01616,-0.09293,0.069681,0.028543,0.015303,-0.997044,0.224061,0.22326,1.203671,0.931,30.8212
16.0071,0.19741,0.234842,1.213011,-0.9766,8.2777,178.2822,-0.167191,2.014312,-0.091086,0.064171,0.022393,0.02149,-0.997456,0.224714,0.225952,1.201833,4.824,30.8138
16.1023,0.197779,0.236388,1.211773,-1.0021,8.302,178.3134,-0.165881,2.01301,-0.090357,0.068408,0.022106,0.021286,-0.997185,0.224729,0.227465,1.200547,0.563,30.5277
16.1234,0.197847,0.236673,1.211544,-1.0068,8.3064,178.3191,-0.165894,2.012828,-0.090198,0.068968,0.025629,0.018188,-0.997124,0.224871,0.227528,1.200362,2.574,30.6428
16.2403,0.198102,0.237745,1.210679,-1.0246,8.3233,178.3408,-0.165019,2.011745,-0.089153,0.063607,0.021622,0.021915,-0.9975,0.225371,0.228794,1.199278,5.305,30.8828
16.3664,0.198198,0.238162,1.210365,-1.0304,8.3284,178.3482,-0.164676,2.011522,-0.088748,0.064953,0.022318,0.021664,-0.997403,0.22557,0.229286,1.199053,6.635,30.9184
16.4877,0.198413,0.239277,1.209903,-1.0293,8.3182,178.3501,-0.163706,2.011107,-0.0882,0.065773,0.01992,0.020511,-0.997425,0.225606,0.230403,1.198651,2.207,30.7378
16.6354,0.199041,0.24259,1.208519,-1.0259,8.288,178.356,-0.161182,2.009732,-0.086356,0.066118,0.022878,0.019438,-0.99736,0.226064,0.233505,1.197297,0.582,30.638
16.7666,0.199922,0.247343,1.20651,-1.0211,8.2445,178.3644,-0.157398,2.007863,-0.083572,0.063304,0.021026,0.02178,-0.997535,0.226772,0.238162,1.19546,6.944,30.4517
16.9043,0.201076,0.253782,1.203743,-1.0146,8.1855,178.3759,-0.152047,2.004922,-0.079919,0.064274,0.01844,0.020612,-0.997549,0.227511,0.244622,1.192571,2.473,30.1253
17.0297,0.20195,0.258835,1.201535,-1.0094,8.1391,178.3849,-0.14763,2.00261,-0.07718,0.066114,0.018534,0.02163,-0.997405,0.22788,0.249827,1.190308,0.524,29.6576
17.1455,0.202502,0.262118,1.200083,-1.006,8.1089,178.3907,-0.144866,2.001053,-0.074975,0.065879,0.019123,0.020411,-0.997436,0.228543,0.253309,1.18877,2.116,29.7277
17.2824,0.202864,0.264303,1.199109,-1.0037,8.0887,178.3946,-0.142088,2.000053,-0.073345,0.058176,0.004822,0.034905,-0.997684,0.228707,0.256536,1.187803,4.21,29.2588
17.4036,0.202959,0.264884,1.19885,-1.0032,8.0834,178.3956,-0.141995,1.9999,-0.073229,0.060855,0.010418,0.029102,-0.997668,0.228763,0.256673,1.187649,1.378,29.3039
17.5253,0.203169,0.266174,1.198271,-1.002,8.0715,178.3978,-0.141551,1.999204,-0.072477,0.064205,0.019693,0.022348,-0.997492,0.22921,0.257418,1.186948,6.613,29.7162
17.6398,0.203571,0.268675,1.197143,-0.9997,8.0485,178.4021,-0.1388,1.998091,-0.071325,0.060314,0.008316,0.032676,-0.99761,0.228957,0.260405,1.185878,5.065,28.9779
17.7509,0.204137,0.27227,1.195507,-0.9963,8.0153,178.4082,-0.136263,1.99655,-0.06947,0.067672,0.019267,0.021856,-0.997282,0.229412,0.263526,1.184359,-0.767,28.9752
17.8622,0.204877,0.277114,1.193277,-0.9918,7.9706,178.4164,-0.132484,1.994186,-0.066913,0.068516,0.022327,0.020342,-0.997193,0.229905,0.268081,1.182032,2.57,28.8865
17.9781,0.205661,0.282444,1.190787,-0.9868,7.9212,178.4256,-0.127542,1.991587,-0.063289,0.062003,0.014875,0.026764,-0.997606,0.230814,0.274159,1.179475,1.56,28.7975
18.0832,0.206186,0.286143,1.189038,-0.9833,7.8868,178.4319,-0.124096,1.989957,-0.061421,0.057974,0.003931,0.033677,-0.997742,0.230868,0.278097,1.177889,3.665,28.2521
18.1993,0.206588,0.289045,1.187652,-0.9806,7.8599,178.4369,-0.121591,1.988375,-0.059572,0.056412,0.002379,0.034149,-0.997821,0.231331,0.281186,1.176328,6.053,28.3234
18.309,0.206801,0.290611,1.1869,-0.9791,7.8453,178.4395,-0.120519,1.98763,-0.059099,0.063919,0.012905,0.025607,-0.997543,0.231243,0.282365,1.1756,7.509,28.1624
18.4167,0.20687,0.291121,1.186648,-0.9764,7.838,178.4409,-0.120276,1.987386,-0.058929,0.065872,0.016796,0.022265,-0.997438,0.231277,0.282662,1.175358,6.68,28.1909
18.5431,0.207082,0.292597,1.185828,-0.9361,7.7805,178.4525,-0.118273,1.986516,-0.0575,0.055165,-0.000683,0.037182,-0.997785,0.231617,0.285105,1.174506,-0.781,28.0409
18.6603,0.207511,0.295641,1.184128,-0.853,7.6617,178.4761,-0.116719,1.98491,-0.056616,0.0644,0.018059,0.02152,-0.997529,0.23165,0.28691,1.172919,0.429,28.01
18.7702,0.208098,0.299917,1.181719,-0.7359,7.4948,178.5089,-0.113082,1.982633,-0.054291,0.058304,0.012217,0.027081,-0.997857,0.232003,0.291232,1.170681,1.603,27.7255
18.8781,0.208815,0.305339,1.178626,-0.5869,7.2829,178.5497,-0.107994,1.979479,-0.051069,0.050205,-0.00029,0.038758,-0.997987,0.232471,0.297265,1.167583,1.575,27.3261
18.9823,0.209641,0.311884,1.174837,-0.4062,7.0269,178.5978,-0.102821,1.976126,-0.047919,0.049451,0.003462,0.03601,-0.998121,0.232829,0.303343,1.164289,5.099,26.8675
19.0961,0.210652,0.320431,1.169794,-0.1689,6.6919,178.6587,-0.096316,1.97111,-0.043609,0.052149,0.016497,0.025065,-0.998188,0.233566,0.311155,1.159339,2.713,26.8405
19.1997,0.211637,0.329457,1.164352,0.0834,6.3375,178.7207,-0.088791,1.966003,-0.039419,0.048671,0.012204,0.027938,-0.998349,0.233731,0.319822,1.154327,6.339,26.105
19.2943,0.212465,0.337737,1.159252,0.3166,6.0117,178.7755,-0.080855,1.960676,-0.034666,0.042673,0.009024,0.031015,-0.998567,0.234204,0.329113,1.149092,0.82,25.4991
19.3154,0.212619,0.339366,1.158237,0.3626,5.9476,178.786,-0.079752,1.959741,-0.033725,0.041276,0.007225,0.032129,-0.998605,0.234514,0.330533,1.148164,3.325,25.6686
19.4544,0.21351,0.349461,1.15185,0.6496,5.5491,178.8494,-0.070498,1.953213,-0.028844,0.033498,0.000599,0.03951,-0.998657,0.234467,0.341072,1.14176,2.367,24.7253
19.556,0.213983,0.355403,1.148016,0.8197,5.3141,178.8853,-0.065819,1.949389,-0.025989,0.033983,0.006519,0.03377,-0.99883,0.23477,0.346582,1.137989,3.826,24.707
19.6694,0.214364,0.360578,1.14463,0.9687,5.1091,178.9157,-0.061312,1.945948,-0.023467,0.035235,0.018771,0.02638,-0.998855,0.234869,0.351783,1.134605,0.553,24.4601
19.7836,0.214627,0.364414,1.142093,1.0796,4.9568,178.9376,-0.057332,1.943306,-0.021641,0.029117,0.002832,0.037696,-0.998861,0.23461,0.356189,1.132022,6.159,23.8414
19.9015,0.214787,0.366881,1.140448,1.1511,4.8589,178.9515,-0.055667,1.941664,-0.02055,0.035544,0.021727,0.024299,-0.998836,0.234776,0.358187,1.130398,-0.766,24.0032
20.0259,0.214848,0.367846,1.139803,1.1788,4.8209,178.9568,-0.05425,1.940885,-0.01988,0.02509,0.003129,0.038707,-0.998931,0.234707,0.359763,1.12964,-0.825,23.7282
20.1742,0.214902,0.369016,1.139118,1.1774,4.814,178.9581,-0.053666,1.940298,-0.019441,0.028306,0.008392,0.033436,-0.999005,0.234815,0.36049,1.129058,6.089,23.8839
20.2857,0.214996,0.371163,1.137856,1.1745,4.8015,178.9605,-0.051929,1.939068,-0.01856,0.032569,0.017147,0.027853,-0.998934,0.234775,0.362452,1.127851,0.848,23.8155
20.3923,0.21512,0.374193,1.136063,1.1705,4.7838,178.9638,-0.049668,1.937335,-0.017145,0.030761,0.014729,0.027325,-0.999045,0.234957,0.365129,1.126144,7.099,23.9595
20.4993,0.215268,0.378271,1.133626,1.165,4.7599,178.9684,-0.045369,1.934828,-0.015229,0.024581,-0.001409,0.040575,-0.998873,0.234639,0.369859,1.123702,5.662,23.3338
20.5939,0.215395,0.382338,1.131169,1.1595,4.7359,178.9729,-0.042135,1.932279,-0.013338,0.031143,0.015941,0.029203,-0.998961,0.234779,0.373629,1.121192,0.518,23.4756
20.6149,0.215417,0.383128,1.130689,1.1584,4.7312,178.9738,-0.041037,1.931735,-0.012841,0.023998,0.00365,0.040034,-0.998904,0.234707,0.374839,1.120665,4.514,23.2654
20.762,0.215535,0.387889,1.127773,1.152,4.703,178.9791,-0.036337,1.928841,-0.010613,0.022369,-0.003956,0.043402,-0.998799,0.234473,0.380073,1.117838,1.739,22.7697
20.9081,0.215591,0.390735,1.126012,1.1481,4.686,178.9824,-0.034259,1.926998,-0.00954,0.028576,0.009874,0.032895,-0.999002,0.234429,0.382434,1.116024,6.441,22.8817
21.0336,0.215608,0.39172,1.1254,1.1467,4.6802,178.9835,-0.033175,1.92637,-0.008961,0.026796,0.006846,0.036974,-0.998933,0.234435,0.38367,1.11541,6.761,22.7833
21.1705,0.21562,0.392503,1.124911,1.1457,4.6755,178.9843,-0.032822,1.925971,-0.008748,0.028911,0.008702,0.032855,-0.999004,0.234453,0.384085,1.115016,2.402,22.8785
21.2895,0.215649,0.394421,1.12371,1.1431,4.6641,178.9864,-0.031083,1.924681,-0.007906,0.025906,0.005571,0.035892,-0.999004,0.234375,0.386033,1.113751,3.68,22.8081
21.4232,0.215689,0.398027,1.121436,1.1383,4.6426,178.9904,-0.027613,1.922441,-0.006205,0.022995,0.00023,0.040987,-0.998895,0.234248,0.389924,1.111559,4.364,22.5318
21.5525,0.215716,0.402961,1.118288,1.1316,4.6129,178.9958,-0.023625,1.919324,-0.004397,0.030614,0.014109,0.030878,-0.998955,0.233955,0.394334,1.108503,0.566,22.4241
21.6679,0.215712,0.407575,1.115307,1.1253,4.5851,179.001,-0.019746,1.916227,-0.002349,0.031019,0.018448,0.026341,-0.999001,0.233926,0.398757,1.105458,7.987,22.5057
21.7797,0.215691,0.411042,1.113042,1.1206,4.564,179.0049,-0.015685,1.913788,-0.000744,0.02465,2.4e-05,0.041107,-0.998851,0.233439,0.403133,1.103085,0.94,21.8336
21.89,0.215667,0.413417,1.111479,1.1173,4.5495,179.0075,-0.014059,1.912182,8.4e-05,0.030929,0.017383,0.027993,-0.998978,0.233391,0.404977,1.101502,4.699,22.0204
22.0036,0.21565,0.414809,1.110557,1.1154,4.541,179.0091,-0.012295,1.911073,0.001061,0.023777,0.003452,0.037648,-0.999002,0.233427,0.407005,1.100415,2.136,21.9048
22.1278,0.21567,0.41521,1.110342,1.1054,4.5439,179.0011,-0.012006,1.910887,0.001161,0.024644,0.00438,0.037121,-0.998997,0.23338,0.40731,1.100234,0.879,21.8682
22.2517,0.215882,0.415781,1.110388,1.0241,4.5858,178.93,-0.011393,1.910852,0.001698,0.02422,0.002387,0.037772,-0.99899,0.23358,0.408101,1.100202,-0.749,21.8162
22.3823,0.216336,0.417005,1.110483,0.8495,4.6749,178.7771,-0.010754,1.910918,0.002554,0.028149,0.008406,0.031744,-0.999064,0.234056,0.409057,1.100265,5.49,21.945
22.5192,0.217064,0.418968,1.110628,0.5688,4.8161,178.5307,-0.00883,1.910972,0.004186,0.027241,0.00551,0.035474,-0.998984,0.23464,0.41151,1.100329,0.64,21.6941
22.642,0.217951,0.421361,1.110792,0.2249,4.9853,178.2278,-0.007072,1.910982,0.005971,0.028062,0.00504,0.035197,-0.998974,0.235436,0.413886,1.100342,6.952,21.6981
22.7616,0.218992,0.424169,1.110964,-0.1806,5.1797,177.8692,-0.004689,1.91099,0.008302,0.034573,0.013057,0.029652,-0.998877,0.236435,0.417066,1.100356,1.585,21.6156
22.8845,0.22029,0.427672,1.111149,-0.6898,5.4158,177.4169,-0.001698,1.910842,0.011277,0.036899,0.011651,0.029279,-0.998822,0.237728,0.421083,1.100214,-0.743,21.6114
22.998,0.221597,0.431196,1.111301,-1.2057,5.6461,176.9562,0.0012,1.910771,0.013976,0.039469,0.01381,0.028218,-0.998727,0.23882,0.42489,1.100153,4.164,21.4636
23.1085,0.222767,0.434355,1.111408,-1.6711,5.8461,176.5387,0.003748,1.910817,0.016468,0.043944,0.018779,0.0235,-0.998581,0.239889,0.428289,1.100206,5.831,21.341
23.2189,0.223744,0.436994,1.111475,-2.0622,6.0086,176.1866,0.006087,1.910719,0.01874,0.045681,0.018955,0.021167,-0.998552,0.240852,0.431405,1.100114,0.625,21.2839
23.3294,0.224553,0.439179,1.111516,-2.3873,6.1398,175.8927,0.007921,1.910609,0.020405,0.048338,0.020681,0.019886,-0.998419,0.241502,0.433795,1.100012,1.667,21.1799
23.4467,0.225225,0.440994,1.111539,-2.6584,6.2466,175.647,0.009478,1.910491,0.022087,0.048674,0.021029,0.020245,-0.998388,0.242293,0.435947,1.099894,3.329,21.2688
23.5651,0.225726,0.442346,1.11155,-2.8611,6.3248,175.463,0.010689,1.91039,0.023031,0.051399,0.023134,0.018209,-0.998244,0.242582,0.437455,1.099802,4.716,21.1201
23.6743,0.226009,0.44311,1.111553,-2.9758,6.3684,175.3587,0.011397,1.910381,0.023877,0.052281,0.026179,0.017253,-0.99814,0.243016,0.43847,1.099791,5.613,21.1928
23.7919,0.226141,0.443468,1.111547,-3.0276,6.3875,175.3115,0.011701,1.910354,0.024113,0.052908,0.026592,0.016551,-0.998108,0.243087,0.438848,1.099766,6.784,21.1498
23.9041,0.226324,0.444028,1.111244,-3.0328,6.3705,175.3036,0.011821,1.910195,0.02441,0.055209,0.031154,0.012019,-0.997916,0.243293,0.439092,1.099603,2.428,21.1617
24.0315,0.226842,0.445608,1.110375,-3.0447,6.3204,175.2841,0.012279,1.909362,0.025474,0.059093,0.040679,0.001678,-0.997422,0.244007,0.439992,1.098757,4.554,21.4744
24.1557,0.227679,0.44815,1.108966,-3.0637,6.2396,175.2526,0.014811,1.907995,0.027493,0.051416,0.032225,0.011828,-0.998087,0.244617,0.44318,1.097409,3.569,21.0988
24.2761,0.228823,0.451598,1.107033,-3.0896,6.1298,175.2099,0.016672,1.90624,0.029403,0.060822,0.049313,-0.003165,-0.996925,0.245421,0.445725,1.095657,7.217,20.9612
24.3754,0.229976,0.455043,1.105076,-3.1156,6.0197,175.1671,0.019419,1.90431,0.032086,0.056298,0.043399,-4.3e-05,-0.99747,0.246506,0.449412,1.093735,7.565,20.8227
24.3965,0.230263,0.455898,1.104586,-3.1221,5.9923,175.1565,0.020383,1.903689,0.032836,0.053694,0.037294,0.005337,-0.997847,0.246719,0.450619,1.093121,3.042,20.7386
24.5234,0.232117,0.461366,1.101417,-3.1635,5.8166,175.0885,0.024337,1.90057,0.036664,0.055527,0.043197,0.000824,-0.997522,0.248241,0.455915,1.090015,4.725,20.486
24.636,0.234066,0.467034,1.098062,-3.2068,5.6334,175.0179,0.029188,1.897092,0.04077,0.052652,0.041083,-0.00224,-0.997765,0.249594,0.462141,1.086566,0.514,19.9304
24.7441,0.236218,0.473204,1.094328,-3.2542,5.4328,174.9409,0.033522,1.89339,0.045425,0.052762,0.049711,-0.00775,-0.997339,0.251661,0.468158,1.082867,0.516,19.8829
24.8591,0.238553,0.479795,1.090243,-3.3051,5.217,174.8584,0.039261,1.889281,0.050257,0.042882,0.03134,0.007899,-0.998557,0.253239,0.475512,1.078793,7.315,19.1081
24.9692,0.240511,0.485238,1.086792,-3.3475,5.0375,174.79,0.043607,1.885671,0.05443,0.044391,0.034627,0.003233,-0.998409,0.254875,0.481319,1.075198,0.619,18.8711
25.0803,0.242212,0.48991,1.083774,-3.3842,4.8826,174.7313,0.046475,1.882754,0.0576,0.05046,0.049347,-0.010004,-0.997456,0.256309,0.485347,1.072282,3.638,18.7515
25.1911,0.243653,0.493822,1.081206,-3.415,4.7522,174.6819,0.049612,1.880105,0.060784,0.045961,0.044313,-0.004857,-0.997948,0.257642,0.489618,1.069639,5.968,18.6322
25.2987,0.244809,0.496935,1.079135,-3.4396,4.6481,174.6426,0.052519,1.8779,0.063148,0.041516,0.030318,0.004947,-0.998666,0.258363,0.493306,1.067454,5.284,18.2575
25.4069,0.245706,0.499335,1.077523,-3.4587,4.5675,174.6123,0.054265,1.876357,0.064928,0.043848,0.039621,-0.000875,-0.998252,0.259109,0.495688,1.065915,5.076,18.1023
25.5158,0.246351,0.501051,1.07636,-3.4724,4.5097,174.5906,0.055775,1.875036,0.066383,0.040205,0.030095,0.00411,-0.99873,0.25968,0.497709,1.064599,4.711,18.0879
25.6399,0.246751,0.502113,1.075638,-3.4808,4.4739,174.5771,0.056611,1.874274,0.067264,0.040058,0.034914,0.001341,-0.998586,0.260063,0.498862,1.063837,4.797,18.0834
25.7583,0.246808,0.50261,1.075244,-3.472,4.4587,174.581,0.056778,1.873932,0.067373,0.041896,0.037096,-0.000829,-0.998433,0.260073,0.499065,1.063497,6.404,18.0698
25.8742,0.246719,0.504108,1.073946,-3.4205,4.4159,174.6126,0.057615,1.872912,0.067784,0.047581,0.049905,-0.010187,-0.997568,0.260028,0.500009,1.06249,-0.748,18.0331
25.9795,0.246569,0.506512,1.071853,-3.3377,4.3471,174.6633,0.059969,1.870716,0.06875,0.043417,0.044089,-0.006044,-0.998065,0.259753,0.502571,1.060332,1.622,17.9466
26.125,0.246229,0.511562,1.067415,-3.1628,4.2021,174.7697,0.064719,1.866469,0.070492,0.03784,0.033225,0.00325,-0.998726,0.25902,0.507645,1.056166,6.366,17.4784
26.2541,0.24578,0.517566,1.062065,-2.9532,4.0288,174.8961,0.069536,1.861094,0.072586,0.039663,0.048094,-0.008682,-0.998017,0.258534,0.512951,1.050866,2.225,17.5889
26.3691,0.245219,0.524248,1.056014,-2.718,3.8347,175.0367,0.076094,1.855075,0.074797,0.033805,0.034635,0.004945,-0.998816,0.257344,0.519871,1.044965,0.579,16.9781
26.479,0.244524,0.531639,1.049198,-2.4551,3.6186,175.192,0.082513,1.84863,0.076977,0.034372,0.036567,0.001958,-0.998738,0.256176,0.526657,1.038634,2.281,16.4977
26.5814,0.243711,0.539378,1.041921,-2.1767,3.3904,175.3545,0.089237,1.841699,0.079196,0.034929,0.0442,-0.000949,-0.998411,0.254888,0.533739,1.031825,4.176,16.0834
26.6855,0.242793,0.547226,1.034387,-1.891,3.1571,175.5192,0.097475,1.833629,0.082101,0.024842,0.029336,0.010709,-0.999204,0.25349,0.542495,1.023899,0.75,15.7101
26.8087,0.241774,0.555118,1.026649,-1.5999,2.9204,175.6848,0.104749,1.826108,0.084232,0.021496,0.027205,0.013726,-0.999305,0.251856,0.550034,1.016516,6.865,15.1719
27.0527,0.240078,0.566822,1.014862,-1.161,2.5653,175.9302,0.116324,1.813869,0.087641,0.016587,0.024666,0.015043,-0.999445,0.249264,0.562042,1.004497,0.695,14.6513
27.2048,0.239341,0.571474,1.010069,-0.9839,2.4227,176.0278,0.120035,1.809126,0.088828,0.017888,0.036637,0.007834,-0.999138,0.248491,0.565944,0.999822,2.94,14.8084
27.3514,0.23891,0.574092,1.007344,-0.8836,2.3421,176.0827,0.123151,1.806293,0.089623,0.014053,0.023422,0.01733,-0.999477,0.247698,0.569116,0.997051,-0.795,14.4199
27.4916,0.238774,0.574982,1.006407,-0.8505,2.3151,176.0983,0.123829,1.805378,0.089559,0.017985,0.030993,0.013768,-0.999263,0.247305,0.569702,0.996155,6.406,14.3443
27.6216,0.238833,0.575978,1.005258,-0.8314,2.2922,176.0638,0.125055,1.804092,0.090425,0.012659,0.026317,0.017703,-0.999417,0.247481,0.571203,0.99488,2.836,14.3278
27.7578,0.23897,0.578347,1.002509,-0.7859,2.2378,175.9816,0.126936,1.80157,0.091494,0.012053,0.028424,0.018686,-0.999349,0.247502,0.573394,0.992382,5.349,14.1381
27.901,0.239186,0.582306,0.997862,-0.7092,2.1466,175.8428,0.130098,1.797243,0.093147,0.012515,0.030025,0.018679,-0.999296,0.247406,0.577013,0.988099,7.407,13.8163
28.026,0.239417,0.586879,0.992413,-0.6196,2.0409,175.6805,0.13422,1.791671,0.095182,0.012085,0.031305,0.017262,-0.999288,0.247175,0.581675,0.982587,-0.702,13.5577
28.1449,0.239659,0.592193,0.985966,-0.5141,1.9174,175.489,0.138212,1.78543,0.097528,0.014741,0.044532,0.009297,-0.998856,0.24726,0.586371,0.976396,1.547,13.5363
28.267,0.239918,0.59874,0.977844,-0.3818,1.7645,175.2487,0.14455,1.777165,0.100363,0.009498,0.034569,0.020275,-0.999152,0.246653,0.593404,0.968229,-1.685,12.895
28.3768,0.240117,0.604807,0.970136,-0.2569,1.6219,175.0215,0.150041,1.769408,0.103312,0.007616,0.037592,0.017938,-0.999103,0.246548,0.599727,0.960546,-0.773,12.6145
28.479,0.24025,0.609784,0.963675,-0.1528,1.5042,174.8316,0.153713,1.763137,0.105549,0.011086,0.055453,0.009258,-0.998357,0.246678,0.604089,0.95432,1.1,12.6993
28.5782,0.240339,0.613921,0.958206,-0.0649,1.4059,174.6712,0.158027,1.757568,0.107088,0.007736,0.042903,0.019505,-0.998859,0.24592,0.608698,0.948827,1.247,12.0996
28.5993,0.240353,0.614662,0.957217,-0.0491,1.3882,174.6422,0.15816,1.756783,0.107528,0.008685,0.052006,0.012386,-0.998532,0.246227,0.609026,0.948035,4.627,12.2705
28.747,0.240425,0.619285,0.950977,0.0507,1.2777,174.4597,0.16222,1.750458,0.109695,0.009716,0.062594,0.008655,-0.997954,0.246117,0.613701,0.941766,3.587,12.1833
28.8699,0.240455,0.621979,0.947285,0.1096,1.2129,174.3519,0.165381,1.746458,0.110461,0.00497,0.048577,0.017284,-0.998658,0.245241,0.616914,0.93783,1.152,11.7459
28.9836,0.240469,0.62361,0.94503,0.1454,1.1737,174.2862,0.16636,1.744217,0.111268,0.00675,0.058299,0.01035,-0.998223,0.245446,0.618179,0.935596,6.521,11.9693
29.0932,0.240474,0.624384,0.943953,0.1625,1.155,174.2548,0.167893,1.743054,0.11169,-0.000185,0.040354,0.023875,-0.9989,0.245091,0.619751,0.934462,7.545,11.5266
29.2072,0.240372,0.624688,0.943555,0.1646,1.1518,174.2544,0.167927,1.7428,0.111642,0.001334,0.043179,0.021955,-0.998825,0.245025,0.619763,0.934211,5.072,11.5419
29.3194,0.239918,0.62561,0.942375,0.1642,1.148,174.2697,0.168718,1.741302,0.111744,0.003076,0.054552,0.012113,-0.998433,0.24471,0.620532,0.932731,0.655,11.9062
29.466,0.238771,0.627904,0.93942,0.1632,1.1385,174.3081,0.170764,1.738755,0.111613,0.006658,0.060298,0.005834,-0.998141,0.243586,0.622326,0.930241,4.655,11.7713
29.5648,0.23764,0.630124,0.936534,0.1622,1.1291,174.3455,0.173125,1.735974,0.111502,0.006349,0.061115,0.00546,-0.998096,0.242329,0.624414,0.927523,4.479,11.6528
29.5862,0.237346,0.630696,0.935786,0.162,1.1267,174.3552,0.173791,1.735001,0.111374,0.006649,0.057761,0.006993,-0.998284,0.241882,0.624961,0.92657,0.604,11.7647
29.6983,0.235698,0.633848,0.931631,0.1606,1.1133,174.409,0.177309,1.73108,0.11124,0.006494,0.059128,0.006408,-0.998209,0.240045,0.628083,0.922742,4.473,11.452
29.8003,0.234418,0.636241,0.928439,0.1595,1.1031,174.4502,0.179824,1.727742,0.111086,0.00747,0.061184,0.005637,-0.998083,0.238663,0.630295,0.919474,6.314,11.5652
29.9293,0.233246,0.638391,0.925542,0.1585,1.0937,174.4875,0.182633,1.724506,0.1111,0.004982,0.060379,0.009078,-0.998122,0.2373,0.632844,0.916309,2.537,11.5088
30.0352,0.232651,0.639468,0.92408,0.158,1.089,174.5063,0.183676,1.723183,0.11087,0.004874,0.05658,0.005314,-0.998372,0.236581,0.633684,0.915019,8.031,11.4456
30.13,0.23241,0.639901,0.92349,0.1578,1.0871,174.5139,0.184253,1.722522,0.111,0.006254,0.055967,0.008574,-0.998376,0.236415,0.634266,0.91437,3.063,11.4445
30.1513,0.232394,0.639931,0.92345,0.1579,1.0872,174.5145,0.184384,1.722471,0.110979,0.006434,0.056954,0.009043,-0.998315,0.236336,0.634374,0.914322,-0.691,11.3902
30.2691,0.232191,0.640499,0.922765,0.1693,1.1085,174.5305,0.184877,1.721768,0.110913,0.004668,0.053508,0.007746,-0.998527,0.236031,0.634792,0.913634,0.562,11.432
30.3871,0.231654,0.641996,0.920953,0.1998,1.1652,174.573,0.186125,1.720044,0.111209,0.005738,0.055564,0.009095,-0.998397,0.235675,0.636059,0.911936,1.794,11.521
30.4919,0.230895,0.644083,0.918413,0.2424,1.2447,174.6326,0.188337,1.717696,0.111163,0.007571,0.055818,0.007668,-0.998383,0.234558,0.638038,0.909646,6.339,11.2616
30.5913,0.229905,0.646755,0.915132,0.2973,1.3473,174.7096,0.190892,1.714459,0.111306,0.007918,0.05464,0.00379,-0.998468,0.233425,0.640419,0.906471,5.963,11.2933
30.6126,0.229653,0.647429,0.9143,0.3113,1.3733,174.7292,0.19147,1.713406,0.111608,0.00977,0.056564,0.006988,-0.998327,0.233399,0.641083,0.905426,2.273,11.5346
30.7405,0.227924,0.651953,0.908659,0.4054,1.5492,174.8616,0.196098,1.708057,0.112063,0.009821,0.057279,0.009202,-0.998267,0.231539,0.645479,0.900186,4.99,11.259
30.8343,0.226399,0.655823,0.903758,0.4869,1.7017,174.9768,0.200134,1.702709,0.112287,0.01256,0.05541,0.012226,-0.99831,0.229741,0.649241,0.894938,-1.076,11.5018
30.8563,0.225997,0.656823,0.90248,0.5082,1.7414,175.0068,0.200814,1.701633,0.112345,0.011786,0.053596,0.011364,-0.998428,0.22945,0.649886,0.893878,4.186,11.5773
30.9494,0.224119,0.661409,0.896559,0.6063,1.9251,175.1461,0.205541,1.695868,0.112828,0.012372,0.054054,0.013727,-0.998367,0.227556,0.654387,0.888224,5.697,11.4271
30.9706,0.223684,0.662448,0.895201,0.6287,1.9672,175.178,0.206734,1.694302,0.112742,0.013682,0.054305,0.012025,-0.998358,0.22689,0.65543,0.886691,1.956,11.487
31.0612,0.221693,0.667112,0.889046,0.7303,2.1577,175.3229,0.212001,1.687754,0.112998,0.014688,0.04996,0.015388,-0.998525,0.224525,0.66032,0.880273,0.567,11.4507
31.0823,0.221284,0.668049,0.887796,0.7509,2.1963,175.3524,0.21271,1.686777,0.113001,0.01519,0.048933,0.015177,-0.998571,0.224175,0.660965,0.879314,5.278,11.4225
31.2017,0.219034,0.673099,0.880975,0.863,2.4069,175.5132,0.218456,1.679292,0.113321,0.015014,0.047678,0.01639,-0.998616,0.221621,0.666321,0.87197,-0.811,11.5636
31.3304,0.217032,0.677438,0.875001,0.9609,2.5909,175.6542,0.222785,1.673422,0.113422,0.017007,0.045996,0.01857,-0.998624,0.219564,0.670296,0.866211,3.039,11.6055
31.4634,0.215403,0.680868,0.870201,1.0394,2.7384,175.7677,0.226547,1.668409,0.113441,0.017855,0.046684,0.019404,-0.998562,0.217718,0.673718,0.861294,3.208,11.6541
31.5945,0.214299,0.683143,0.866978,1.092,2.8375,175.8439,0.229297,1.665008,0.11351,0.018321,0.04784,0.020853,-0.998469,0.216426,0.67624,0.857963,0.772,11.5518
31.732,0.213655,0.684453,0.865108,1.1225,2.8948,175.8882,0.230397,1.663108,0.113464,0.018567,0.045986,0.019263,-0.998584,0.215826,0.677222,0.856093,4.902,11.759
31.8539,0.213478,0.684769,0.864638,1.1279,2.9049,175.8978,0.230663,1.662684,0.113404,0.018869,0.045768,0.019621,-0.998581,0.215638,0.677438,0.855677,2.035,11.7776
31.9684,0.213014,0.685333,0.863676,1.1251,2.8974,175.9081,0.231763,1.661578,0.113302,0.019511,0.0476,0.021433,-0.998446,0.215015,0.678385,0.854602,-0.441,11.6021
32.0947,0.211948,0.68662,0.861468,1.1186,2.8801,175.9315,0.23306,1.659504,0.112853,0.018088,0.043971,0.021038,-0.998647,0.213961,0.679363,0.852572,0.618,11.6557
32.2287,0.210167,0.688734,0.857799,1.1078,2.8514,175.9704,0.23577,1.655849,0.112343,0.019221,0.046792,0.022354,-0.99847,0.212163,0.68159,0.848999,0.999,11.5093
32.3614,0.20781,0.691465,0.852981,1.0937,2.8137,176.0215,0.238841,1.651022,0.111216,0.017832,0.045949,0.016884,-0.998642,0.209614,0.683875,0.844278,0.677,11.6879
32.4788,0.205962,0.693554,0.84923,1.0827,2.7843,176.0613,0.241566,1.647265,0.110433,0.018124,0.045318,0.019276,-0.998622,0.207563,0.685994,0.84061,0.847,11.5771
32.5955,0.204644,0.695017,0.846571,1.0749,2.7634,176.0894,0.243485,1.644488,0.109863,0.018289,0.04528,0.018519,-0.998635,0.206098,0.687479,0.837896,2.073,11.5841
32.6991,0.20389,0.695844,0.845054,1.0704,2.7515,176.1055,0.24482,1.642788,0.109363,0.018813,0.044654,0.019793,-0.998629,0.204994,0.688463,0.836242,5.036,11.5478
32.7948,0.203559,0.696205,0.84439,1.0685,2.7462,176.1125,0.245168,1.642089,0.109229,0.019028,0.044971,0.018299,-0.998639,0.204694,0.688721,0.835556,1.082,11.6336
32.8161,0.20353,0.696236,0.844331,1.0683,2.7458,176.1132,0.245127,1.642062,0.109189,0.01904,0.044773,0.017382,-0.998664,0.204676,0.688667,0.835528,5.371,11.6667
32.9411,0.203225,0.696567,0.84372,1.0665,2.741,176.1197,0.245407,1.641557,0.109109,0.019472,0.045679,0.017052,-0.998621,0.204463,0.688886,0.835033,5.212,11.662
33.0491,0.202492,0.697357,0.842256,1.0621,2.7295,176.1352,0.246452,1.640105,0.108865,0.018462,0.043436,0.020548,-0.998674,0.203726,0.689724,0.833613,4.778,11.5963
33.1633,0.201234,0.698698,0.839748,1.0546,2.7097,176.1619,0.248031,1.637659,0.108241,0.018431,0.044309,0.017098,-0.998701,0.202376,0.690878,0.831223,2.646,11.6242
33.2756,0.199506,0.700507,0.836322,1.0444,2.6827,176.1983,0.25038,1.634441,0.107502,0.017732,0.042259,0.018953,-0.99877,0.200552,0.692675,0.828083,6.839,11.4153
33.386,0.197385,0.702682,0.832138,1.0319,2.6498,176.2428,0.253157,1.630219,0.106785,0.018698,0.046288,0.018732,-0.998577,0.198521,0.694876,0.823949,7.87,11.3697
33.499,0.195592,0.704479,0.828623,1.0214,2.622,176.2801,0.25566,1.626502,0.105793,0.017392,0.042878,0.018745,-0.998753,0.196385,0.696703,0.82032,3.71,11.4033
33.6004,0.194377,0.705675,0.826252,1.0143,2.6033,176.3053,0.257118,1.624003,0.105104,0.017459,0.04234,0.017082,-0.998805,0.195031,0.69772,0.817875,6.64,11.5712
33.7158,0.193496,0.706533,0.824539,1.0092,2.5897,176.3235,0.258659,1.622093,0.104757,0.01882,0.045747,0.018131,-0.998611,0.193964,0.698959,0.816014,3.325,11.4128
33.8406,0.193112,0.706904,0.823792,1.007,2.5838,176.3314,0.25889,1.621272,0.104565,0.017138,0.043478,0.016133,-0.998777,0.193661,0.699087,0.815203,5.004,11.6268
33.9414,0.192871,0.707136,0.823325,1.0056,2.5801,176.3363,0.258963,1.620968,0.104419,0.01758,0.043258,0.016099,-0.99878,0.193489,0.69909,0.814904,5.869,11.6627
34.0484,0.192192,0.707787,0.822007,1.0016,2.5696,176.3503,0.260211,1.619589,0.104121,0.018128,0.042856,0.018942,-0.998737,0.192614,0.700083,0.813565,4.09,11.4361
34.1612,0.190965,0.708949,0.819634,0.9945,2.5508,176.3754,0.261536,1.617236,0.103454,0.01686,0.042067,0.017801,-0.998814,0.191345,0.700991,0.811262,0.583,11.5572
34.2793,0.189148,0.710642,0.816133,0.9841,2.523,176.4124,0.263748,1.613868,0.102533,0.017666,0.042837,0.017044,-0.998781,0.189415,0.702585,0.807973,1.772,11.4706
34.4163,0.18652,0.713028,0.811101,0.9691,2.483,176.4656,0.267125,1.608759,0.101145,0.017403,0.043458,0.017449,-0.998751,0.186486,0.705028,0.802984,4.862,11.3967
34.5334,0.184651,0.714682,0.807542,0.9584,2.4547,176.5032,0.269223,1.605319,0.100177,0.015852,0.038468,0.016583,-0.998997,0.184564,0.7065,0.799621,6.42,11.3881
34.6503,0.183351,0.715811,0.805077,0.9511,2.435,176.5293,0.270701,1.602629,0.099478,0.017146,0.042429,0.015004,-0.99884,0.183187,0.707533,0.796986,6.232,11.5768
34.7658,0.182591,0.716464,0.803639,0.9468,2.4235,176.5445,0.271777,1.601075,0.099044,0.014674,0.037744,0.017148,-0.999032,0.182262,0.708314,0.79547,5.416,11.5444
34.8815,0.182347,0.716672,0.803178,0.9454,2.4199,176.5493,0.272138,1.600591,0.098934,0.015713,0.038309,0.017454,-0.99899,0.181986,0.708592,0.794998,4.312,11.5038
34.9925,0.181939,0.71702,0.802407,0.9431,2.4137,176.5574,0.272551,1.599758,0.098641,0.016267,0.040611,0.015056,-0.998929,0.181512,0.708837,0.794183,-0.898,11.6095
35.1012,0.181065,0.717759,0.800757,0.9382,2.4006,176.5748,0.27347,1.59836,0.098325,0.01668,0.044282,0.014986,-0.998767,0.180769,0.70953,0.792815,7.225,11.4402
35.2123,0.179655,0.718936,0.798105,0.9302,2.3796,176.6027,0.274995,1.595768,0.097413,0.014613,0.038871,0.015308,-0.99902,0.179183,0.710507,0.790284,-0.85,11.5074
35.3182,0.177884,0.720387,0.794784,0.9203,2.3531,176.6376,0.276962,1.592692,0.096498,0.015853,0.040918,0.015173,-0.998921,0.177379,0.711882,0.787281,7.789,11.353
35.4347,0.175522,0.722276,0.790376,0.9071,2.318,176.684,0.279743,1.587823,0.095081,0.015668,0.040253,0.014493,-0.998962,0.174702,0.713777,0.782518,-0.985,11.6048
35.5472,0.173704,0.723695,0.787,0.897,2.291,176.7195,0.281731,1.584464,0.094147,0.014746,0.038964,0.014357,-0.999029,0.172862,0.715166,0.779232,3.136,11.5667
35.6423,0.172573,0.724563,0.784905,0.8908,2.2743,176.7416,0.28308,1.582353,0.093442,0.0145,0.037845,0.016465,-0.999043,0.171556,0.716074,0.777173,5.774,11.5276
35.6638,0.172361,0.724725,0.784512,0.8896,2.2712,176.7457,0.283279,1.581854,0.093424,0.015414,0.041087,0.015204,-0.998921,0.171434,0.716249,0.776679,2.529,11.578
35.7823,0.171561,0.72533,0.783036,0.8852,2.2593,176.7612,0.284112,1.580317,0.09275,0.014478,0.035506,0.015291,-0.999148,0.170407,0.716705,0.775179,5.193,11.724
35.9115,0.171283,0.72554,0.782521,0.8837,2.2552,176.7666,0.284242,1.579912,0.092704,0.014343,0.038318,0.01325,-0.999075,0.170294,0.716805,0.774779,0.947,11.7144
36.0234,0.17079,0.725908,0.781615,0.881,2.2479,176.7763,0.284904,1.578991,0.092435,0.013843,0.038469,0.013527,-0.999072,0.169725,0.717284,0.773881,3.917,11.6327
36.1246,0.169888,0.726577,0.779956,0.8761,2.2345,176.7939,0.285971,1.577372,0.092013,0.014745,0.040051,0.015829,-0.998963,0.168815,0.718063,0.7723,5.739,11.5005
36.2555,0.168139,0.727855,0.776748,0.8667,2.2086,176.828,0.28766,1.574273,0.090809,0.014948,0.037392,0.014266,-0.999087,0.166878,0.719061,0.769273,3.151,11.6107
36.3707,0.165956,0.729412,0.77276,0.8549,2.1764,176.8704,0.289908,1.570254,0.089615,0.015271,0.03986,0.013627,-0.998996,0.164668,0.720571,0.765341,1.403,11.6138
36.4992,0.163451,0.73115,0.768204,0.8415,2.1395,176.9188,0.292576,1.565729,0.088039,0.013542,0.03421,0.01657,-0.999186,0.161912,0.722289,0.760922,3.549,11.5716
36.6277,0.161622,0.732386,0.76489,0.8318,2.1126,176.9541,0.294415,1.562222,0.086921,0.016176,0.042139,0.013054,-0.998896,0.15997,0.723463,0.757489,8.835,11.7098
36.7345,0.160613,0.733056,0.763067,0.8264,2.0977,176.9735,0.295505,1.560194,0.086204,0.013415,0.035904,0.013477,-0.999174,0.158773,0.724135,0.755506,-1.225,11.8381
36.8406,0.160103,0.733392,0.762145,0.8237,2.0902,176.9833,0.29604,1.559333,0.085818,0.01537,0.038391,0.013798,-0.999049,0.15816,0.724447,0.754668,4.552,11.8192
36.9654,0.15994,0.733583,0.761639,0.8279,2.0976,176.9784,0.296279,1.558873,0.085779,0.015829,0.040157,0.013986,-0.99897,0.158003,0.724647,0.754215,3.864,11.7773
37.0777,0.159589,0.734162,0.760114,0.8476,2.133,176.9516,0.296819,1.55736,0.085818,0.014793,0.040095,0.014165,-0.998986,0.157744,0.725164,0.752716,0.551,11.7932
37.1764,0.159057,0.735031,0.757805,0.8773,2.1868,176.911,0.297868,1.554963,0.085558,0.014148,0.036903,0.013704,-0.999125,0.156961,0.72601,0.750352,-0.956,11.8872
37.1989,0.158894,0.735294,0.7571,0.8863,2.2033,176.8987,0.298021,1.554457,0.085581,0.014452,0.039453,0.013244,-0.999029,0.156896,0.726163,0.74985,5.135,11.8296
37.3249,0.15783,0.73699,0.752508,0.9454,2.3106,176.8182,0.300023,1.550122,0.085424,0.015993,0.041512,0.014519,-0.998904,0.155711,0.727928,0.745572,6.031,11.607
37.4773,0.156069,0.739697,0.744964,1.0423,2.4877,176.6866,0.303059,1.542305,0.084949,0.017239,0.04058,0.016152,-0.998897,0.153663,0.730512,0.737846,-0.66,11.8665
37.6025,0.154238,0.742386,0.737188,1.142,2.6714,176.5516,0.306282,1.534485,0.084433,0.016373,0.03522,0.021103,-0.999023,0.151495,0.733245,0.730124,0.38,11.8728
37.7194,0.15224,0.745179,0.728775,1.2499,2.8714,176.4062,0.309414,1.525959,0.083926,0.018628,0.042079,0.020558,-0.998729,0.149353,0.735909,0.721693,0.6,12.0174
37.8362,0.150384,0.747646,0.721024,1.3492,3.0569,176.2729,0.312486,1.518105,0.083352,0.021115,0.046087,0.021061,-0.998492,0.1472,0.73848,0.713935,0.588,12.0171
37.9728,0.148625,0.749876,0.71373,1.4426,3.2325,176.148,0.315216,1.510821,0.082724,0.02006,0.041256,0.026106,-0.998606,0.145171,0.740716,0.706737,2.998,12.0299
38.0864,0.14747,0.751284,0.708967,1.5035,3.3478,176.0667,0.316788,1.505781,0.082416,0.020141,0.041228,0.026583,-0.998593,0.144024,0.742038,0.701747,0.633,12.2266
38.2045,0.146586,0.752332,0.705334,1.55,3.436,176.0048,0.318219,1.502025,0.081966,0.021603,0.044943,0.026514,-0.998404,0.142855,0.743155,0.69804,2.296,12.3024
38.3075,0.146079,0.752921,0.703256,1.5766,3.4866,175.9695,0.31911,1.49979,0.08179,0.022417,0.044838,0.029382,-0.99831,0.142223,0.743896,0.695833,5.082,12.3057
38.4112,0.14581,0.753232,0.702151,1.5907,3.5135,175.9507,0.319299,1.498686,0.081653,0.021073,0.043739,0.026657,-0.998465,0.14198,0.744015,0.694737,0.553,12.4333
38.5183,0.145602,0.75334,0.701734,1.591,3.5135,175.9523,0.319357,1.498367,0.081531,0.021372,0.043025,0.026871,-0.998484,0.141835,0.744015,0.694423,-0.606,12.4338
38.6386,0.144794,0.753634,0.70053,1.5819,3.4932,175.9742,0.320053,1.497119,0.080932,0.022017,0.041122,0.028182,-0.998514,0.140947,0.744379,0.693207,3.177,12.4129
38.7474,0.143432,0.754121,0.698506,1.5666,3.459,176.0111,0.321101,1.49519,0.079981,0.020424,0.043005,0.02866,-0.998455,0.139564,0.744905,0.691327,3.464,12.3051
38.8505,0.141645,0.754745,0.695852,1.5466,3.414,176.0596,0.32199,1.49275,0.078692,0.021715,0.044826,0.023778,-0.998476,0.137934,0.745143,0.688941,6.165,12.3989
38.945,0.139549,0.755454,0.692746,1.5231,3.3613,176.1163,0.323614,1.489472,0.07704,0.019638,0.041858,0.025747,-0.998599,0.135621,0.745881,0.685744,1.129,12.4935
38.9661,0.138996,0.755637,0.691928,1.5169,3.3474,176.1313,0.32409,1.488797,0.076797,0.021074,0.045265,0.026819,-0.998393,0.135168,0.746203,0.685087,5.342,12.2657
39.0563,0.136487,0.756448,0.688221,1.4889,3.2842,176.1992,0.325666,1.485147,0.074792,0.020703,0.04322,0.024716,-0.998545,0.132551,0.746743,0.681525,3.944,12.4305
39.0774,0.135814,0.75666,0.687227,1.4813,3.2672,176.2175,0.325973,1.484397,0.074421,0.02132,0.042607,0.025112,-0.998549,0.132058,0.746858,0.680792,8.782,12.3127
39.1608,0.133094,0.757492,0.68322,1.451,3.1986,176.2911,0.327972,1.479982,0.072102,0.020687,0.044189,0.022548,-0.998554,0.128946,0.747641,0.676483,0.489,12.6345
39.1819,0.132312,0.757724,0.682071,1.4423,3.1789,176.3122,0.328296,1.479228,0.071628,0.019935,0.041124,0.023295,-0.998684,0.128352,0.747724,0.675749,4.728,12.4752
39.2896,0.128781,0.758731,0.676886,1.403,3.0897,176.4078,0.330995,1.47374,0.068867,0.020926,0.044164,0.022922,-0.998542,0.124495,0.748945,0.670396,3.62,12.5004
39.4061,0.125617,0.759579,0.672254,1.3678,3.0096,176.4934,0.333074,1.469025,0.066253,0.018837,0.037513,0.024056,-0.998829,0.121073,0.74967,0.665796,1.659,12.6708
39.5172,0.123222,0.760187,0.668755,1.3412,2.9489,176.5582,0.33462,1.465407,0.064275,0.019456,0.039119,0.022891,-0.998783,0.118495,0.750194,0.662265,5.883,12.8183
39.6174,0.121556,0.760592,0.666326,1.3227,2.9066,176.6033,0.335697,1.462955,0.063011,0.018352,0.039281,0.021586,-0.998826,0.116802,0.750612,0.659871,6.25,12.8011
39.7201,0.120342,0.760879,0.664556,1.3093,2.8758,176.6362,0.336572,1.460912,0.061899,0.019202,0.039854,0.022461,-0.998769,0.11535,0.750911,0.657877,0.924,12.9952
39.8282,0.11964,0.761041,0.663535,1.3015,2.858,176.6552,0.3368,1.460038,0.061234,0.018813,0.038389,0.020847,-0.998868,0.114627,0.750824,0.657024,0.629,13.1114
39.9382,0.119417,0.761092,0.663211,1.299,2.8523,176.6612,0.33699,1.459649,0.061097,0.018505,0.037626,0.022031,-0.998878,0.114406,0.750936,0.656643,2.366,13.0913
40.0451,0.118847,0.761221,0.662382,1.2928,2.8379,176.6767,0.337498,1.458814,0.060649,0.019391,0.041658,0.021512,-0.998712,0.11375,0.751196,0.655832,0.609,13.0152
40.1528,0.117706,0.761475,0.660724,1.2802,2.8089,176.7076,0.338089,1.457156,0.059825,0.017133,0.03828,0.022286,-0.998872,0.112695,0.751369,0.654209,0.555,13.0263
40.2624,0.115994,0.761843,0.658237,1.2613,2.7654,176.7541,0.339059,1.454827,0.058389,0.018899,0.042257,0.020052,-0.998727,0.110902,0.751611,0.651939,1.94,13.0505
40.3681,0.113758,0.762302,0.654995,1.2367,2.7085,176.8149,0.340189,1.451829,0.056678,0.016088,0.034997,0.021302,-0.999031,0.10877,0.751879,0.64901,6.601,13.0133
40.4669,0.11139,0.762761,0.651567,1.2106,2.6482,176.8793,0.341662,1.448302,0.054743,0.018166,0.041878,0.018403,-0.998788,0.106266,0.752357,0.645567,6.39,13.0581
40.4881,0.110909,0.762851,0.650872,1.2053,2.6359,176.8923,0.342005,1.447586,0.054188,0.017404,0.035938,0.020012,-0.999002,0.105593,0.752419,0.644873,0.7,13.1553
40.6044,0.108766,0.763237,0.647775,1.1817,2.5811,176.9507,0.34328,1.444326,0.052443,0.017136,0.041559,0.018174,-0.998824,0.103357,0.752805,0.641687,2.441,13.234
40.72,0.107282,0.763491,0.645632,1.1654,2.5432,176.9911,0.344243,1.442105,0.051126,0.01694,0.039269,0.018756,-0.998909,0.101676,0.753093,0.639523,0.971,13.299
40.838,0.106449,0.763628,0.64443,1.1562,2.5218,177.0137,0.344649,1.440961,0.05037,0.017531,0.04026,0.018261,-0.998869,0.100783,0.753126,0.638407,2.154,13.3673
40.9463,0.106216,0.763666,0.644094,1.1537,2.5159,177.0201,0.344788,1.440614,0.050174,0.016724,0.039232,0.019009,-0.998909,0.100534,0.753165,0.638068,2.13,13.3746
41.062,0.105617,0.763762,0.643231,1.147,2.5005,177.0364,0.345115,1.439688,0.049719,0.017708,0.041509,0.018685,-0.998806,0.099951,0.753261,0.637161,0.545,13.3876
41.1628,0.104573,0.763925,0.641727,1.1352,2.4737,177.0648,0.345509,1.438341,0.04884,0.015426,0.036561,0.017891,-0.999052,0.098945,0.75323,0.635845,1.416,13.4403
41.2619,0.103075,0.764149,0.639571,1.1184,2.4351,177.1055,0.346219,1.436142,0.047563,0.016696,0.038966,0.01553,-0.99898,0.097416,0.753311,0.633695,1.136,13.5653
41.2829,0.102674,0.764207,0.638994,1.1139,2.4248,177.1164,0.346629,1.435706,0.04737,0.016576,0.039729,0.017007,-0.998928,0.097044,0.753594,0.633274,4.499,13.3063
41.3796,0.100649,0.764489,0.636081,1.0912,2.3726,177.1716,0.347725,1.432749,0.04563,0.015171,0.040312,0.016722,-0.998932,0.094903,0.753818,0.630387,1.381,13.3907
41.4008,0.100121,0.764559,0.635323,1.0853,2.3589,177.186,0.347855,1.432172,0.045231,0.016021,0.041148,0.016087,-0.998895,0.094471,0.75376,0.629822,6.817,13.3724
41.5347,0.097055,0.764939,0.630921,1.0508,2.2796,177.2697,0.349763,1.427512,0.042486,0.013911,0.036177,0.018197,-0.999083,0.091011,0.754272,0.625277,-0.803,13.4969
41.6563,0.09504,0.765164,0.628032,1.0282,2.2274,177.3247,0.350853,1.424641,0.040683,0.015623,0.038221,0.017938,-0.998986,0.088819,0.754461,0.622476,3.887,13.5681
41.7748,0.093729,0.765299,0.626154,1.0135,2.1933,177.3606,0.351171,1.422706,0.03951,0.013644,0.034813,0.015403,-0.999182,0.087568,0.754236,0.620577,6.124,13.8362
41.8888,0.09314,0.765357,0.62531,1.0069,2.178,177.3767,0.351456,1.421799,0.038929,0.014259,0.036963,0.014594,-0.999108,0.086893,0.754238,0.619692,3.079,13.937
42.0041,0.092882,0.765382,0.62494,1.0041,2.1713,177.3838,0.351624,1.421435,0.03873,0.01343,0.035549,0.015439,-0.999159,0.086628,0.754302,0.619337,1.983,13.9018
42.1205,0.092048,0.765461,0.623747,0.9949,2.1497,177.4066,0.351939,1.420273,0.037999,0.015002,0.035964,0.014585,-0.999134,0.085797,0.754265,0.618201,1.138,13.9709
42.2389,0.090527,0.765596,0.621568,0.9782,2.1101,177.4483,0.35263,1.418195,0.036736,0.013986,0.033356,0.013959,-0.999248,0.084291,0.754334,0.61617,3.089,13.959
42.3507,0.088455,0.765761,0.618604,0.9554,2.0561,177.5051,0.353962,1.415399,0.035078,0.015966,0.043192,0.014815,-0.998829,0.082122,0.754803,0.613447,6.263,13.6668
42.4745,0.085524,0.76596,0.614417,0.9232,1.9795,177.5856,0.354892,1.411242,0.032534,0.013794,0.036409,0.012552,-0.999163,0.0793,0.754529,0.609376,5.753,13.9574
42.5903,0.083139,0.76609,0.611011,0.897,1.9169,177.6513,0.356003,1.407757,0.03034,0.012698,0.032545,0.011806,-0.99932,0.076731,0.754566,0.605971,4.514,14.1158
42.7052,0.081434,0.766166,0.60858,0.8782,1.8721,177.6982,0.357203,1.40509,0.028671,0.014596,0.039873,0.012546,-0.999019,0.074615,0.754912,0.603374,2.381,14.1515
42.8154,0.080391,0.766206,0.607091,0.8667,1.8446,177.7271,0.357463,1.403477,0.027856,0.013412,0.036013,0.012737,-0.99918,0.073719,0.754794,0.601787,1.094,14.243
42.9235,0.079939,0.766221,0.606447,0.8618,1.8327,177.7395,0.357613,1.402783,0.027398,0.012987,0.036881,0.012019,-0.999163,0.073221,0.754728,0.601109,4.059,14.343
43.0318,0.079668,0.76623,0.60606,0.8588,1.8256,177.747,0.357663,1.402496,0.027232,0.012715,0.036703,0.011788,-0.999176,0.073042,0.754701,0.600827,4.176,14.2905
43.1504,0.078753,0.766257,0.604755,0.8487,1.8014,177.7724,0.35803,1.401283,0.026262,0.013187,0.033275,0.012392,-0.999282,0.071972,0.754603,0.599646,5.952,14.4186
43.2678,0.077162,0.766295,0.602487,0.8312,1.7593,177.8164,0.358738,1.399022,0.024859,0.011564,0.031297,0.010678,-0.999386,0.070329,0.754625,0.597437,-1.314,14.4355
43.3862,0.074898,0.766327,0.599261,0.8062,1.6993,177.8792,0.360061,1.395833,0.022847,0.013793,0.041507,0.01195,-0.998972,0.067835,0.754931,0.594329,0.655,14.2855
43.5001,0.072191,0.766332,0.595405,0.7763,1.6272,177.9545,0.360849,1.39214,0.020634,0.012792,0.038072,0.009812,-0.999145,0.065388,0.754674,0.590709,6.177,14.2909
43.6049,0.070087,0.766311,0.592411,0.7531,1.571,178.0132,0.361906,1.388969,0.018542,0.011703,0.035437,0.01088,-0.999244,0.062944,0.754707,0.587616,2.37,14.4456
43.7117,0.068459,0.766281,0.590093,0.7351,1.5274,178.0587,0.362326,1.386603,0.016929,0.01109,0.031145,0.009563,-0.999408,0.061241,0.754379,0.585299,0.658,14.7218
43.8199,0.067394,0.766253,0.588578,0.7233,1.4988,178.0884,0.362645,1.384996,0.015935,0.011093,0.029646,0.009136,-0.999457,0.06016,0.754232,0.583723,1.246,14.8466
43.9332,0.066884,0.766238,0.587854,0.7177,1.4851,178.1027,0.362768,1.384242,0.015493,0.011204,0.032827,0.006148,-0.999379,0.059685,0.75415,0.582984,5.728,14.8885
44.0538,0.066566,0.766228,0.587401,0.7142,1.4765,178.1116,0.362866,1.383909,0.01526,0.011331,0.033242,0.006348,-0.999363,0.059423,0.754135,0.582658,1.413,14.8243
44.163,0.065722,0.766199,0.586201,0.7048,1.4537,178.1353,0.363214,1.382719,0.014428,0.009723,0.029378,0.008005,-0.999489,0.058486,0.754083,0.581497,2.103,14.8754
44.2836,0.064127,0.766135,0.583933,0.687,1.4106,178.18,0.36383,1.380616,0.01311,0.009845,0.028309,0.009143,-0.999509,0.056965,0.75406,0.579441,3.663,14.7396
44.4014,0.061885,0.766023,0.580748,0.662,1.3497,178.2431,0.364454,1.377609,0.01116,0.009954,0.030378,0.007557,-0.99946,0.054849,0.753769,0.576497,7.607,14.7559
44.5304,0.05885,0.765832,0.576435,0.6281,1.267,178.3287,0.365707,1.373053,0.008273,0.009955,0.030262,0.006529,-0.999471,0.051563,0.753632,0.572042,1.455,14.8739
44.6496,0.056615,0.765662,0.573261,0.6031,1.2058,178.392,0.366428,1.369911,0.006007,0.008964,0.029044,0.006555,-0.999516,0.049118,0.753285,0.568972,5.092,15.093
44.7679,0.05505,0.765529,0.571037,0.5855,1.1628,178.4364,0.366861,1.367389,0.004469,0.011088,0.031981,0.005009,-0.999415,0.04747,0.753004,0.566498,-1.248,15.3269
44.8823,0.054169,0.765448,0.569787,0.5757,1.1386,178.4614,0.367081,1.366252,0.003729,0.008229,0.028097,0.003689,-0.999565,0.046675,0.752879,0.565385,4.282,15.2819
44.9959,0.05388,0.765421,0.569376,0.5724,1.1306,178.4696,0.367326,1.365895,0.003282,0.00837,0.026863,0.005151,-0.999591,0.046154,0.752899,0.565044,2.097,15.3379
45.1052,0.053414,0.765376,0.568715,0.5672,1.1178,178.4829,0.367569,1.365159,0.002926,0.010967,0.034254,0.004598,-0.999343,0.045703,0.752963,0.564322,2.868,15.2588
45.2266,0.052248,0.765259,0.567061,0.5542,1.0858,178.5161,0.367687,1.363699,0.001932,0.008219,0.026655,0.0059,-0.999594,0.044717,0.752636,0.562889,6.59,15.2804
45.3531,0.050288,0.765048,0.56428,0.5324,1.0318,178.572,0.368457,1.360792,5.8e-05,0.009166,0.02944,0.00519,-0.999511,0.042606,0.752507,0.560047,0.757,15.304
45.4624,0.047965,0.764773,0.560984,0.5065,0.9674,178.6384,0.369106,1.357609,-0.002037,0.008546,0.027366,0.005621,-0.999573,0.040342,0.752175,0.556931,1.462,15.2719
45.5834,0.045259,0.764418,0.557145,0.4762,0.8922,178.7161,0.36996,1.353794,-0.004706,0.008784,0.028717,0.00515,-0.999536,0.037456,0.751771,0.553201,4.967,15.3746
45.7098,0.043111,0.76411,0.554097,0.4521,0.8322,178.778,0.370258,1.350737,-0.006727,0.007407,0.025557,0.002292,-0.999643,0.035422,0.751158,0.550201,4.248,15.5575
45.8331,0.041787,0.763908,0.552218,0.4373,0.7951,178.8163,0.370658,1.348809,-0.008205,0.007123,0.026129,0.003066,-0.999629,0.033862,0.750869,0.548318,5.92,15.7494
45.9774,0.041128,0.763804,0.551282,0.4299,0.7766,178.8353,0.370993,1.347785,-0.008845,0.006672,0.026945,0.003555,-0.999608,0.033108,0.750889,0.547317,8.213,15.7116
46.0998,0.040766,0.763747,0.550768,0.4258,0.7664,178.8458,0.370959,1.347269,-0.009179,0.008144,0.028723,0.00247,-0.999551,0.032809,0.750713,0.546809,5.825,15.7754
46.2289,0.039627,0.76356,0.549152,0.4129,0.7343,178.8789,0.371137,1.345811,-0.01026,0.006798,0.025927,0.001262,-0.99964,0.031718,0.7504,0.545381,1.971,15.8103
46.3335,0.038147,0.763308,0.54705,0.3961,0.6924,178.9219,0.371526,1.34379,-0.011608,0.005498,0.023028,0.002859,-0.999716,0.030276,0.75016,0.543402,5.995,15.7528
46.4441,0.036034,0.762929,0.544049,0.3721,0.6325,178.9836,0.371977,1.34072,-0.0137,0.007676,0.029423,0.00022,-0.999538,0.028109,0.749651,0.540393,-0.65,15.8898
46.547,0.03364,0.762471,0.540647,0.3449,0.5642,179.0536,0.372642,1.337337,-0.016087,0.00554,0.022171,0.001251,-0.999738,0.025573,0.749202,0.537084,3.111,15.9329
46.6536,0.031586,0.762055,0.537728,0.3214,0.5053,179.114,0.373157,1.334358,-0.01812,0.005309,0.025343,0.000626,-0.999665,0.023433,0.748775,0.534167,0.807,15.9844
46.7657,0.029988,0.761716,0.535455,0.3032,0.4593,179.1611,0.373608,1.331987,-0.0198,0.006022,0.025463,0.000903,-0.999657,0.021655,0.748445,0.531848,4.651,16.0801
46.8849,0.028936,0.761486,0.533959,0.2911,0.429,179.1922,0.373729,1.330489,-0.020894,0.005897,0.025717,7.7e-05,-0.999652,0.020578,0.748075,0.530379,-0.931,16.2021
47.002,0.028529,0.761395,0.53338,0.2865,0.4172,179.2043,0.373817,1.329922,-0.021297,0.005165,0.02511,-0.00032,-0.999671,0.02016,0.747977,0.529824,8.005,16.2083
