frame,timestamp_start,x_m,y_m,z_m,qx,qy,qz,qw
0,2026-06-01 20:59:55.267908,0.9870189428329468,1.0123794078826904,0.2903761863708496,-0.0016483477083966136,0.08785601705312729,0.0005961141432635486,0.9961316585540771
1,2026-06-01 20:59:55.267908,0.9870055913925171,1.012366533279419,0.2903929650783539,-0.0014996632235124707,0.08784621953964233,0.0006746490253135562,0.9961327314376831
2,2026-06-01 20:59:55.267908,0.9870085120201111,1.0123653411865234,0.2903892695903778,-0.0014961807755753398,0.08780516684055328,0.0007306840270757675,0.9961363673210144
3,2026-06-01 20:59:55.267908,0.9870133399963379,1.0123589038848877,0.2903887927532196,-0.001470257993787527,0.0878286212682724,0.0007382730836980045,0.9961342811584473
4,2026-06-01 20:59:55.267908,0.987023651599884,1.0123687982559204,0.29037168622016907,-0.0016256726812571287,0.08786458522081375,0.0007307521300390363,0.9961308240890503
5,2026-06-01 20:59:55.267908,0.9870096445083618,1.0123677253723145,0.2903871536254883,-0.001516607473604381,0.08785061538219452,0.0007320621516555548,0.9961322546005249
6,2026-06-01 20:59:55.267908,0.9870129227638245,1.0123770236968994,0.29037779569625854,-0.0016067050164565444,0.0878283828496933,0.0006617129547521472,0.9961341619491577
7,2026-06-01 20:59:55.267908,0.9870045781135559,1.0123658180236816,0.2903970181941986,-0.0014782509533688426,0.0877920463681221,0.0007042066426947713,0.9961375594139099
8,2026-06-01 20:59:55.267908,0.9870083332061768,1.0123662948608398,0.2903848886489868,-0.0014708270318806171,0.0878404825925827,0.0007171399774961174,0.9961332082748413
9,2026-06-01 20:59:55.267908,0.987019419670105,1.0123653411865234,0.29038113355636597,-0.0014994217781350017,0.08783319592475891,0.0007899798220023513,0.9961338043212891
10,2026-06-01 20:59:55.267908,0.9870138764381409,1.0123584270477295,0.29038283228874207,-0.0015314974589273334,0.08786724507808685,0.0007707348559051752,0.9961307048797607
11,2026-06-01 20:59:55.267908,0.9870098233222961,1.012358546257019,0.29038935899734497,-0.001504421466961503,0.08782202005386353,0.0007083231466822326,0.996134877204895
12,2026-06-01 20:59:55.267908,0.987009584903717,1.0123692750930786,0.2903848886489868,-0.0014258940936997533,0.08777276426553726,0.0006950753158889711,0.9961393475532532
13,2026-06-01 20:59:55.267908,0.9870086312294006,1.012369155883789,0.2903805375099182,-0.0014487974112853408,0.08775083720684052,0.0006993155693635345,0.996141254901886
14,2026-06-01 20:59:55.267908,0.9870101809501648,1.0123642683029175,0.29038989543914795,-0.0014619202120229602,0.08784731477499008,0.0007340703741647303,0.9961326122283936
15,2026-06-01 20:59:55.267908,0.9870215654373169,1.0123646259307861,0.2903776466846466,-0.0014741546474397182,0.08785746246576309,0.0007934966124594212,0.9961316585540771
16,2026-06-01 20:59:55.267908,0.9870202541351318,1.0123581886291504,0.29038530588150024,-0.0014941833214834332,0.08784284442663193,0.0007583151455037296,0.9961329698562622
17,2026-06-01 20:59:55.267908,0.9870122075080872,1.0123536586761475,0.2903951406478882,-0.0014881928218528628,0.08791732788085938,0.0007022019126452506,0.9961264729499817
18,2026-06-01 20:59:55.267908,0.9870056509971619,1.0123682022094727,0.2903943359851837,-0.0014685956994071603,0.08790596574544907,0.0007180577958934009,0.9961274266242981
19,2026-06-01 20:59:55.267908,0.9870110154151917,1.0123683214187622,0.29038485884666443,-0.0014110383344814181,0.08776018023490906,0.0006761688855476677,0.9961404204368591
20,2026-06-01 20:59:55.267908,0.9870173335075378,1.012359619140625,0.2903807461261749,-0.0014224332990124822,0.08783765137195587,0.0006464491598308086,0.99613356590271
21,2026-06-01 20:59:55.267908,0.9870156645774841,1.0123587846755981,0.2903777062892914,-0.0014829575084149837,0.0878148078918457,0.0007117322529666126,0.9961354732513428
22,2026-06-01 20:59:55.267908,0.9870343208312988,1.01233971118927,0.2904089391231537,-0.0016504287486895919,0.08804091066122055,0.0009815735975280404,0.9961150884628296
23,2026-06-01 20:59:55.267908,0.9870150685310364,1.012369990348816,0.290388822555542,-0.0015246982220560312,0.0878615602850914,0.0007446928648278117,0.9961313009262085
24,2026-06-01 20:59:55.267908,0.9870090484619141,1.012365698814392,0.2903934419155121,-0.0014547852333635092,0.08787030726671219,0.000719421892426908,0.9961305856704712
25,2026-06-01 20:59:55.267908,0.9870033860206604,1.0123649835586548,0.2903895676136017,-0.001443469082005322,0.08782149851322174,0.000685829552821815,0.9961349964141846
26,2026-06-01 20:59:55.267908,0.9870203733444214,1.0123722553253174,0.2903664708137512,-0.0015908285276964307,0.08776780217885971,0.0006808721227571368,0.9961394667625427
27,2026-06-01 20:59:55.267908,0.9870194792747498,1.0123639106750488,0.29037752747535706,-0.001511843758635223,0.08780626952648163,0.0007540773949585855,0.9961361289024353
28,2026-06-01 20:59:55.267908,0.9870108962059021,1.0123591423034668,0.29038742184638977,-0.0015427792677655816,0.08783534914255142,0.0007181779365055263,0.99613356590271
29,2026-06-01 20:59:55.267908,0.987007737159729,1.01236093044281,0.2903883755207062,-0.001506834290921688,0.08782798796892166,0.0007027115789242089,0.9961342811584473
30,2026-06-01 20:59:55.267908,0.987003743648529,1.0123639106750488,0.29038968682289124,-0.0014865469420328736,0.08777689188718796,0.0006958107696846128,0.996138870716095
31,2026-06-01 20:59:55.267908,0.9870023727416992,1.0123615264892578,0.29039084911346436,-0.001453679520636797,0.08780911564826965,0.0006688478169962764,0.9961361289024353
32,2026-06-01 20:59:55.267908,0.9870125651359558,1.0123612880706787,0.29038679599761963,-0.0015132270054891706,0.08782810717821121,0.0007314836839213967,0.9961342811584473
33,2026-06-01 20:59:55.267908,0.9870128035545349,1.0123622417449951,0.29038411378860474,-0.0015298350481316447,0.08786872774362564,0.0007159608067013323,0.9961307048797607
34,2026-06-01 20:59:55.267908,0.9870061278343201,1.0123645067214966,0.29038751125335693,-0.0015028142370283604,0.08783777058124542,0.00065478595206514,0.9961334466934204
35,2026-06-01 20:59:55.267908,0.9870077967643738,1.0123577117919922,0.2903929352760315,-0.0014895697822794318,0.0878024697303772,0.0006947828223928809,0.9961366057395935
36,2026-06-01 20:59:55.267908,0.9870076775550842,1.0123634338378906,0.29039376974105835,-0.0014867978170514107,0.08780612796545029,0.0006757418741472065,0.9961362481117249
37,2026-06-01 20:59:55.267908,0.9870040416717529,1.012366771697998,0.29039013385772705,-0.0015213595470413566,0.08779978007078171,0.0006675555487163365,0.9961368441581726
38,2026-06-01 20:59:55.267908,0.9870176315307617,1.0123649835586548,0.2903763949871063,-0.0014967229217290878,0.08778346329927444,0.000721900025382638,0.9961382746696472
39,2026-06-01 20:59:55.267908,0.9870190620422363,1.012366771697998,0.2903830111026764,-0.0015151933766901493,0.08780808001756668,0.0007640097173862159,0.9961360096931458
40,2026-06-01 20:59:55.267908,0.9870112538337708,1.0123577117919922,0.2903943359851837,-0.0014677034923806787,0.08783933520317078,0.0007011070847511292,0.9961333274841309
41,2026-06-01 20:59:55.267908,0.9870163202285767,1.0123599767684937,0.2903823256492615,-0.0014677041908726096,0.08779328316450119,0.0007086138939484954,0.9961374402046204
42,2026-06-01 20:59:55.267908,0.9870122671127319,1.012355089187622,0.2903949022293091,-0.0014674903359264135,0.08781258016824722,0.0006739309174008667,0.9961357116699219
43,2026-06-01 20:59:55.267908,0.9870086312294006,1.0123642683029175,0.29038894176483154,-0.001469604205340147,0.08785061538219452,0.0006728366133756936,0.9961323738098145
44,2026-06-01 20:59:55.267908,0.9870103597640991,1.0123634338378906,0.2903780937194824,-0.0014640111476182938,0.087812639772892,0.0007142876274883747,0.9961357116699219
45,2026-06-01 20:59:55.267908,0.987007737159729,1.0123603343963623,0.29039186239242554,-0.0014786992687731981,0.08783572912216187,0.0006667681154794991,0.9961336851119995
46,2026-06-01 20:59:55.267908,0.9870057106018066,1.0123553276062012,0.2903956472873688,-0.0014816116308793426,0.08787370473146439,0.000685444101691246,0.9961303472518921
47,2026-06-01 20:59:55.267908,0.9869991540908813,1.012353777885437,0.290395587682724,-0.0014532192144542933,0.08785515278577805,0.0006249027792364359,0.9961320161819458
48,2026-06-01 20:59:55.267908,0.9870046377182007,1.0123627185821533,0.2903900742530823,-0.0015211451100185513,0.08785298466682434,0.0006743145058862865,0.9961321353912354
49,2026-06-01 20:59:55.267908,0.987005352973938,1.012365460395813,0.2903952896595001,-0.001504342071712017,0.08792883902788162,0.0006990860565565526,0.9961254000663757
50,2026-06-01 20:59:55.267908,0.9870052337646484,1.0123618841171265,0.29039815068244934,-0.001513640396296978,0.08791211992502213,0.0007479535997845232,0.9961268305778503
51,2026-06-01 20:59:55.267908,0.9870012402534485,1.0123614072799683,0.29039204120635986,-0.001447969232685864,0.08783505856990814,0.0006638823542743921,0.9961338043212891
52,2026-06-01 20:59:55.267908,0.9869953393936157,1.0123544931411743,0.2903999090194702,-0.0015208481345325708,0.08786328881978989,0.0006895787664689124,0.996131181716919
53,2026-06-01 20:59:55.267908,0.9870057702064514,1.012359380722046,0.29038676619529724,-0.0015059041325002909,0.08784077316522598,0.0006976988515816629,0.9961332082748413
54,2026-06-01 20:59:55.267908,0.9870131611824036,1.0123591423034668,0.2903895676136017,-0.0014385373797267675,0.08780508488416672,0.0006881048320792615,0.996136486530304
55,2026-06-01 20:59:55.267908,0.9870067834854126,1.0123664140701294,0.2903861403465271,-0.001504834508523345,0.08785281330347061,0.0006880010478198528,0.9961321353912354
56,2026-06-01 20:59:55.267908,0.9870147705078125,1.0123683214187622,0.29038572311401367,-0.0014474919298663735,0.08781255781650543,0.0007107722340151668,0.9961357116699219
57,2026-06-01 20:59:55.267908,0.9870121479034424,1.0123662948608398,0.29039499163627625,-0.0014474288327619433,0.08783138543367386,0.0006738485535606742,0.9961341619491577
58,2026-06-01 20:59:55.267908,0.9870137572288513,1.012365460395813,0.2903830409049988,-0.0014664726331830025,0.08775979280471802,0.0006915408885106444,0.9961404204368591
59,2026-06-01 20:59:55.267908,0.9870099425315857,1.0123623609542847,0.29039183259010315,-0.0015422739088535309,0.08782470971345901,0.0007250241469591856,0.9961345195770264
60,2026-06-01 20:59:55.267908,0.987010657787323,1.0123616456985474,0.2903955578804016,-0.0014778559561818838,0.08792245388031006,0.0006943397456780076,0.9961259961128235
61,2026-06-01 20:59:55.267908,0.9870064854621887,1.0123683214187622,0.2903892397880554,-0.001502030179835856,0.0878918394446373,0.0007576816715300083,0.9961286783218384
62,2026-06-01 20:59:55.267908,0.9870077967643738,1.012364149093628,0.2903936207294464,-0.0014961723936721683,0.08782370388507843,0.0006959169986657798,0.9961347579956055
63,2026-06-01 20:59:55.267908,0.9870131611824036,1.0123668909072876,0.2903903126716614,-0.0014394093304872513,0.0878237783908844,0.0006645938265137374,0.9961347579956055
64,2026-06-01 20:59:55.267908,0.9870085120201111,1.0123658180236816,0.29039233922958374,-0.0014996157260611653,0.0878300815820694,0.000699963653460145,0.9961341619491577
65,2026-06-01 20:59:55.267908,0.9870189428329468,1.0123660564422607,0.290385901927948,-0.0014636327978223562,0.08778715133666992,0.0006925046909600496,0.9961379170417786
66,2026-06-01 20:59:55.267908,0.9870119094848633,1.0123623609542847,0.29039400815963745,-0.0015059091383591294,0.08787421137094498,0.0007112630410119891,0.9961302280426025
67,2026-06-01 20:59:55.267908,0.9870142340660095,1.0123704671859741,0.29038071632385254,-0.0015975426649674773,0.0877864807844162,0.0006263180403038859,0.9961379170417786
68,2026-06-01 20:59:55.267908,0.9870067834854126,1.0123590230941772,0.29039379954338074,-0.0014672779943794012,0.08782429993152618,0.0006640313076786697,0.9961347579956055
69,2026-06-01 20:59:55.267908,0.9870082139968872,1.012365460395813,0.2903924286365509,-0.0014622267335653305,0.08780090510845184,0.000663231941871345,0.9961368441581726
70,2026-06-01 20:59:55.267908,0.9870082139968872,1.0123686790466309,0.2903878390789032,-0.001499068341217935,0.08786767721176147,0.000707437633536756,0.9961308240890503
71,2026-06-01 20:59:55.267908,0.9870167374610901,1.0123662948608398,0.29038429260253906,-0.0014915886567905545,0.08779492229223251,0.0007202363340184093,0.9961372017860413
72,2026-06-01 20:59:55.267908,0.9870055317878723,1.0123616456985474,0.29039356112480164,-0.0014536206144839525,0.08778668195009232,0.000681648903992027,0.9961380362510681
73,2026-06-01 20:59:55.267908,0.9870119690895081,1.0123625993728638,0.2903917133808136,-0.0014579306589439511,0.08788660913705826,0.0006425259634852409,0.9961292743682861
74,2026-06-01 20:59:55.267908,0.9870147109031677,1.0123673677444458,0.2903843820095062,-0.0014715084107592702,0.08777165412902832,0.0006819762056693435,0.9961393475532532
75,2026-06-01 20:59:55.267908,0.9870120882987976,1.0123670101165771,0.2903853952884674,-0.0014907224103808403,0.08783699572086334,0.000640630314592272,0.99613356590271
76,2026-06-01 20:59:55.267908,0.9870120286941528,1.0123704671859741,0.29037997126579285,-0.0014838691568002105,0.08781538158655167,0.0007245067972689867,0.9961354732513428
77,2026-06-01 20:59:55.267908,0.9870165586471558,1.0123615264892578,0.29038572311401367,-0.0015405641170218587,0.08786187320947647,0.0006675118347629905,0.9961313009262085
78,2026-06-01 20:59:55.267908,0.9870097637176514,1.0123600959777832,0.29039064049720764,-0.0014947665622457862,0.08782415091991425,0.0006886426126584411,0.9961346387863159
79,2026-06-01 20:59:55.267908,0.9870200753211975,1.012364387512207,0.2903892993927002,-0.0014683024492114782,0.0878581777215004,0.0006502488977275789,0.9961317777633667
80,2026-06-01 20:59:55.267908,0.987007737159729,1.0123580694198608,0.29039549827575684,-0.0014748231042176485,0.08786444365978241,0.0006786304875276983,0.996131181716919
81,2026-06-01 20:59:55.267908,0.9870091080665588,1.0123635530471802,0.29038554430007935,-0.0015048839850351214,0.08785983920097351,0.0007336162962019444,0.996131420135498
82,2026-06-01 20:59:55.267908,0.9870087504386902,1.0123740434646606,0.2903757393360138,-0.0016478569013997912,0.08790095150470734,0.0006138731841929257,0.9961276650428772
83,2026-06-01 20:59:55.267908,0.9870122671127319,1.0123605728149414,0.2903851270675659,-0.001492219278588891,0.087872214615345,0.0006952816620469093,0.9961304664611816
84,2026-06-01 20:59:55.267908,0.987007200717926,1.0123556852340698,0.2903960049152374,-0.001492934301495552,0.08789301663637161,0.0006989160319790244,0.9961285591125488
85,2026-06-01 20:59:55.267908,0.987007200717926,1.0123597383499146,0.2903916537761688,-0.0015176133019849658,0.08783932775259018,0.0006638638442382216,0.9961333274841309
86,2026-06-01 20:59:55.267908,0.9870046377182007,1.0123621225357056,0.2903920114040375,-0.0014953679637983441,0.08784256130456924,0.0006888830102980137,0.9961330890655518
87,2026-06-01 20:59:55.267908,0.9870022535324097,1.012366771697998,0.29038581252098083,-0.0014803067315369844,0.0878487080335617,0.0006892064702697098,0.996132493019104
88,2026-06-01 20:59:55.267908,0.9870070219039917,1.0123616456985474,0.29039105772972107,-0.0014999958220869303,0.08784408867359161,0.0006886841147206724,0.9961329698562622
89,2026-06-01 20:59:55.267908,0.9870075583457947,1.0123591423034668,0.29038894176483154,-0.0014710131799802184,0.08779408782720566,0.0007288757478818297,0.9961373209953308
90,2026-06-01 20:59:55.267908,0.9870092272758484,1.0123686790466309,0.2903808057308197,-0.0016147304559126496,0.08783845603466034,0.0006044861511327326,0.9961333274841309
91,2026-06-01 20:59:55.267908,0.9870039820671082,1.0123614072799683,0.2903870940208435,-0.0015101415337994695,0.08785770833492279,0.0006905984482727945,0.9961316585540771
92,2026-06-01 20:59:55.267908,0.9870115518569946,1.0123733282089233,0.2903779447078705,-0.0016249374020844698,0.08786332607269287,0.0006468601059168577,0.9961310625076294
93,2026-06-01 20:59:55.267908,0.9870115518569946,1.012360692024231,0.2903880476951599,-0.0014717241283506155,0.08780033141374588,0.0006850894424133003,0.9961368441581726
94,2026-06-01 20:59:55.267908,0.9870137572288513,1.0123637914657593,0.29038411378860474,-0.0014783969381824136,0.0877649337053299,0.0007311425870284438,0.9961399435997009
95,2026-06-01 20:59:55.267908,0.9870124459266663,1.01236093044281,0.2903803884983063,-0.0014454555930569768,0.08776823431253433,0.000680012337397784,0.9961397051811218
96,2026-06-01 20:59:55.267908,0.987013578414917,1.0123661756515503,0.290388286113739,-0.0015230403514578938,0.0878157988190651,0.000670202833134681,0.9961353540420532
97,2026-06-01 20:59:55.267908,0.9870131611824036,1.0123625993728638,0.29038381576538086,-0.0014909551246091723,0.0878216102719307,0.0007000728510320187,0.996134877204895
98,2026-06-01 20:59:55.267908,0.9870096445083618,1.0123634338378906,0.29039299488067627,-0.0014911482576280832,0.08780638128519058,0.0007106101838871837,0.9961362481117249
99,2026-06-01 20:59:55.267908,0.9870074987411499,1.0123575925827026,0.2903880774974823,-0.0014696287689730525,0.08779511600732803,0.00065745844040066,0.9961373209953308
100,2026-06-01 20:59:55.267908,0.9870184659957886,1.0123625993728638,0.2903807759284973,-0.001486238674260676,0.08783260732889175,0.0006727176369167864,0.9961339235305786
101,2026-06-01 20:59:55.267908,0.9870153069496155,1.0123597383499146,0.29039114713668823,-0.0014852152671664953,0.08783543854951859,0.0007063140510581434,0.9961336851119995
102,2026-06-01 20:59:55.267908,0.9870210289955139,1.0123674869537354,0.2903757691383362,-0.0014618936693295836,0.08776796609163284,0.0007321739103645086,0.9961395859718323
103,2026-06-01 20:59:55.267908,0.9870089292526245,1.012361764907837,0.2903890311717987,-0.0014933261554688215,0.0878051146864891,0.0007043385412544012,0.9961363673210144
104,2026-06-01 20:59:55.267908,0.9870017766952515,1.0123573541641235,0.2903901934623718,-0.001478874241001904,0.08779767900705338,0.0006412485963664949,0.9961370825767517
105,2026-06-01 20:59:55.267908,0.9870026111602783,1.0123567581176758,0.2903887629508972,-0.0014941089320927858,0.087809257209301,0.0006886731134727597,0.9961360096931458
106,2026-06-01 20:59:55.267908,0.987014651298523,1.012359619140625,0.29038870334625244,-0.0014363763621076941,0.08781255036592484,0.0007149362354539335,0.9961357116699219
107,2026-06-01 20:59:55.267908,0.9870086312294006,1.0123655796051025,0.29039013385772705,-0.0015080129960551858,0.08784220367670059,0.0007143881521187723,0.9961330890655518
108,2026-06-01 20:59:55.267908,0.9870100021362305,1.0123597383499146,0.2903897166252136,-0.001508205896243453,0.08785118162631989,0.0006899877334944904,0.9961322546005249
109,2026-06-01 20:59:55.267908,0.9870024919509888,1.01236093044281,0.290386438369751,-0.0014747543027624488,0.08784137666225433,0.0006839698762632906,0.9961332082748413
110,2026-06-01 20:59:55.267908,0.9870070815086365,1.0123600959777832,0.29039180278778076,-0.0014977643731981516,0.0878036841750145,0.0007004690705798566,0.996136486530304
111,2026-06-01 20:59:55.267908,0.9870113134384155,1.0123556852340698,0.29039323329925537,-0.0014517229283228517,0.08780886232852936,0.0006874193786643445,0.9961361289024353
112,2026-06-01 20:59:55.267908,0.9870122075080872,1.0123622417449951,0.2903883755207062,-0.0015378018142655492,0.0878337025642395,0.0007131733000278473,0.9961338043212891
113,2026-06-01 20:59:55.267908,0.9870097637176514,1.0123629570007324,0.29038867354393005,-0.0015096439747139812,0.08785957098007202,0.0007266334723681211,0.9961315393447876
114,2026-06-01 20:59:55.267908,0.9870058298110962,1.0123652219772339,0.2903884947299957,-0.0014971569180488586,0.08778635412454605,0.0006870534271001816,0.9961380362510681
115,2026-06-01 20:59:55.267908,0.9870108366012573,1.0123586654663086,0.2903890013694763,-0.001452303840778768,0.08787084370851517,0.0006549375830218196,0.9961305856704712
116,2026-06-01 20:59:55.267908,0.9870133996009827,1.0123611688613892,0.29038316011428833,-0.0014498397940769792,0.08777978271245956,0.0006814050138927996,0.9961386322975159
117,2026-06-01 20:59:55.267908,0.987014889717102,1.0123629570007324,0.29038774967193604,-0.0015280997613444924,0.08779576420783997,0.0006840829155407846,0.9961370825767517
118,2026-06-01 20:59:55.267908,0.9870149493217468,1.012365698814392,0.2903864085674286,-0.0015164522919803858,0.08786772191524506,0.0007462166249752045,0.9961307048797607
119,2026-06-01 20:59:55.267908,0.98701012134552,1.0123604536056519,0.2903856933116913,-0.0015069242799654603,0.08781582117080688,0.0007017202442511916,0.9961353540420532
120,2026-06-01 20:59:55.267908,0.987011194229126,1.0123605728149414,0.29038482904434204,-0.0014378882478922606,0.08782107383012772,0.0006660136277787387,0.9961349964141846
121,2026-06-01 20:59:55.267908,0.9870069026947021,1.012366533279419,0.2903828024864197,-0.0014820486539974809,0.08775532245635986,0.000642342958599329,0.9961407780647278
122,2026-06-01 20:59:55.267908,0.9870119690895081,1.0123635530471802,0.2903841435909271,-0.0014816062757745385,0.08781005442142487,0.0007163537084124982,0.9961358904838562
123,2026-06-01 20:59:55.267908,0.9870175123214722,1.0123658180236816,0.2903798520565033,-0.0014906966825947165,0.08786731213331223,0.0007459184271283448,0.9961308240890503
124,2026-06-01 20:59:55.267908,0.987015426158905,1.012358546257019,0.29038509726524353,-0.001471054507419467,0.08782748132944107,0.0007244658190757036,0.9961344003677368
125,2026-06-01 20:59:55.267908,0.9870054721832275,1.0123608112335205,0.2903892695903778,-0.0015080634038895369,0.08790699392557144,0.0007174196653068066,0.9961273074150085
126,2026-06-01 20:59:55.267908,0.9870015978813171,1.0123544931411743,0.2903950810432434,-0.001486488152295351,0.08781114220619202,0.0006354243378154933,0.9961358904838562
127,2026-06-01 20:59:55.267908,0.9869981408119202,1.012360692024231,0.29039669036865234,-0.001464261207729578,0.08784031122922897,0.0006529130041599274,0.9961333274841309
128,2026-06-01 20:59:55.267908,0.9870052337646484,1.0123668909072876,0.29039493203163147,-0.0014789282577112317,0.08785790205001831,0.0007063072989694774,0.9961316585540771
129,2026-06-01 20:59:55.267908,0.9870184659957886,1.0123718976974487,0.29038891196250916,-0.0014881842071190476,0.08789891004562378,0.0007497970364056528,0.9961280226707458
130,2026-06-01 20:59:55.267908,0.9870072603225708,1.0123651027679443,0.2903817296028137,-0.0015052628004923463,0.08784878998994827,0.0006946909124962986,0.996132493019104
131,2026-06-01 20:59:55.267908,0.9870004057884216,1.0123603343963623,0.29039275646209717,-0.0014888267032802105,0.0878320187330246,0.0006365095032379031,0.9961340427398682
132,2026-06-01 20:59:55.267908,0.9870014190673828,1.0123569965362549,0.29039421677589417,-0.001475142315030098,0.08787709474563599,0.0006577025051228702,0.996130108833313
133,2026-06-01 20:59:55.267908,0.9870058298110962,1.0123655796051025,0.29038020968437195,-0.0014519894029945135,0.08780565112829208,0.0007184544811025262,0.9961363673210144
134,2026-06-01 20:59:55.267908,0.9870022535324097,1.0123640298843384,0.2903919219970703,-0.0014934861101210117,0.08786927908658981,0.0007041702046990395,0.9961307048797607
135,2026-06-01 20:59:55.267908,0.9870087504386902,1.0123642683029175,0.2903876006603241,-0.0014624596806243062,0.08791573345661163,0.0007021884666755795,0.9961265921592712
136,2026-06-01 20:59:55.267908,0.9870253205299377,1.0123368501663208,0.2904109060764313,-0.001628706930205226,0.08807321637868881,0.0008863727562129498,0.9961122870445251
137,2026-06-01 20:59:55.267908,0.9870049357414246,1.0123546123504639,0.29039591550827026,-0.0014905757270753384,0.08783131837844849,0.0006520308088511229,0.9961340427398682
138,2026-06-01 20:59:55.267908,0.9869999289512634,1.0123642683029175,0.29038771986961365,-0.001477450947277248,0.08782391250133514,0.0006579218897968531,0.9961347579956055
139,2026-06-01 20:59:55.267908,0.9870049357414246,1.0123648643493652,0.29039713740348816,-0.0014791542198508978,0.08785082399845123,0.0006443427409976721,0.9961323738098145
140,2026-06-01 20:59:55.267908,0.9870041608810425,1.012367606163025,0.2903941869735718,-0.00150838284753263,0.0878746435046196,0.0006958370213396847,0.9961302280426025
141,2026-06-01 20:59:55.267908,0.9870078563690186,1.0123639106750488,0.2903927266597748,-0.0015500345034524798,0.08789101243019104,0.000718063150998205,0.9961286783218384
142,2026-06-01 20:59:55.267908,0.9870104193687439,1.0123549699783325,0.2903975546360016,-0.0015093248803168535,0.08791251480579376,0.0006660227663815022,0.9961268305778503
143,2026-06-01 20:59:55.267908,0.9870046973228455,1.01235830783844,0.2903969883918762,-0.0014908213634043932,0.08784927427768707,0.000646396423690021,0.996132493019104
144,2026-06-01 20:59:55.267908,0.9869980216026306,1.0123616456985474,0.2903909683227539,-0.0015065844636410475,0.087803415954113,0.0006470322259701788,0.996136486530304
145,2026-06-01 20:59:55.267908,0.9870171546936035,1.0123759508132935,0.29038578271865845,-0.001461983541958034,0.08783446252346039,0.0006967316730879247,0.9961338043212891
146,2026-06-01 20:59:55.267908,0.9870091080665588,1.0123674869537354,0.2903929650783539,-0.0015349306631833315,0.08790766447782516,0.0007090502185747027,0.996127188205719
147,2026-06-01 20:59:55.267908,0.987001359462738,1.01236093044281,0.2903936505317688,-0.0014778976328670979,0.0878719761967659,0.0006711308960802853,0.9961304664611816
148,2026-06-01 20:59:55.267908,0.9870147109031677,1.012376070022583,0.29038169980049133,-0.0016046419041231275,0.08790742605924606,0.0006112389382906258,0.996127188205719
149,2026-06-01 20:59:55.267908,0.987043023109436,1.0126466751098633,0.29032009840011597,-0.0011106721358373761,0.08794545382261276,0.0007405733922496438,0.9961244463920593
150,2026-06-01 20:59:55.267908,0.9870928525924683,1.0135321617126465,0.2902764081954956,0.00045212547411210835,0.08828926086425781,0.0011465746210888028,0.9960941672325134
151,2026-06-01 20:59:55.267908,0.9870297908782959,1.0150682926177979,0.29035133123397827,0.0011918540112674236,0.08733376115560532,0.0007617834489792585,0.996178150177002
152,2026-06-01 20:59:55.267908,0.9870598912239075,1.016395092010498,0.29028505086898804,0.0022230895701795816,0.08764458447694778,0.0006807443569414318,0.9961491823196411
153,2026-06-01 20:59:55.267908,0.9870921969413757,1.0185765027999878,0.29026079177856445,0.004405546933412552,0.08768516033887863,0.0005729822441935539,0.9961383938789368
154,2026-06-01 20:59:55.267908,0.9870255589485168,1.0213572978973389,0.2903493642807007,0.006599203683435917,0.08714492619037628,0.00036930202622897923,0.9961737990379333
155,2026-06-01 20:59:55.267908,0.9870639443397522,1.0245379209518433,0.29037827253341675,0.009151007980108261,0.08663170039653778,0.0003555765433702618,0.9961983561515808
156,2026-06-01 20:59:55.267908,0.9870262742042542,1.0274206399917603,0.2903839945793152,0.011001764796674252,0.08645477890968323,0.0005896548391319811,0.9961948394775391
157,2026-06-01 20:59:55.267908,0.9869951009750366,1.0313961505889893,0.2904667556285858,0.013853517360985279,0.08672788739204407,0.0006669808062724769,0.9961354732513428
158,2026-06-01 20:59:55.267908,0.9870262742042542,1.035895824432373,0.29059427976608276,0.018012717366218567,0.08739607036113739,0.0006572967395186424,0.9960105419158936
159,2026-06-01 20:59:55.267908,0.9870749115943909,1.0407136678695679,0.2907384932041168,0.02146017737686634,0.08707591891288757,0.0005342919030226767,0.9959703683853149
160,2026-06-01 20:59:55.267908,0.9870782494544983,1.045064926147461,0.2909383177757263,0.024949023500084877,0.0867709144949913,0.0005231011309660971,0.9959157109260559
161,2026-06-01 20:59:55.267908,0.9871273040771484,1.0508748292922974,0.2912919819355011,0.03016922064125538,0.08621843159198761,0.001211656490340829,0.9958186745643616
162,2026-06-01 20:59:55.267908,0.9872270822525024,1.0557336807250977,0.291582316160202,0.03428318351507187,0.08637192845344543,0.001143846195191145,0.995672345161438
163,2026-06-01 20:59:55.267908,0.9872677326202393,1.061157464981079,0.2918064296245575,0.03798277676105499,0.08636012673377991,0.001966301817446947,0.9955377578735352
164,2026-06-01 20:59:55.267908,0.9873107075691223,1.0666323900222778,0.29224324226379395,0.042575959116220474,0.0869361013174057,0.0023615118116140366,0.9953008890151978
165,2026-06-01 20:59:55.267908,0.9873866438865662,1.0741596221923828,0.2928996980190277,0.048469480127096176,0.08594713360071182,0.0028015729039907455,0.995116114616394
166,2026-06-01 20:59:55.267908,0.9874724745750427,1.0819412469863892,0.29363957047462463,0.054256621748209,0.08620698750019073,0.0035218941047787666,0.9947925209999084
167,2026-06-01 20:59:55.267908,0.9874897599220276,1.0901246070861816,0.29457011818885803,0.06086142361164093,0.08616593480110168,0.003690249053761363,0.9944133162498474
168,2026-06-01 20:59:55.267908,0.9876185059547424,1.0989642143249512,0.29575350880622864,0.06786970049142838,0.08659345656633377,0.004380872007459402,0.9939196109771729
169,2026-06-01 20:59:55.267908,0.987723708152771,1.1061288118362427,0.29666855931282043,0.0735325962305069,0.08627603203058243,0.004981995094567537,0.9935414791107178
170,2026-06-01 20:59:55.267908,0.9878303408622742,1.1157866716384888,0.29817551374435425,0.08181239664554596,0.08710187673568726,0.004968949593603611,0.9928219318389893
171,2026-06-01 20:59:55.267908,0.9880378246307373,1.1257328987121582,0.2998450994491577,0.0894068107008934,0.08728964626789093,0.007595309056341648,0.9921337366104126
172,2026-06-01 20:59:55.267908,0.9881405830383301,1.1339664459228516,0.30134040117263794,0.09658311307430267,0.08699452131986618,0.008119193837046623,0.9914826154708862
173,2026-06-01 20:59:55.267908,0.9884732961654663,1.1444295644760132,0.3032219409942627,0.1059783473610878,0.08679156750440598,0.010531657375395298,0.9905174970626831
174,2026-06-01 20:59:55.267908,0.9886890053749084,1.155495285987854,0.3056985139846802,0.11469722539186478,0.08773836493492126,0.012458860874176025,0.9894399642944336
175,2026-06-01 20:59:55.267908,0.9888309240341187,1.1669301986694336,0.308544397354126,0.12389899790287018,0.08661885559558868,0.012216008268296719,0.9884315729141235
176,2026-06-01 20:59:55.267908,0.9889623522758484,1.1754263639450073,0.310636430978775,0.1313227415084839,0.08536166697740555,0.011849825270473957,0.9875866174697876
177,2026-06-01 20:59:55.267908,0.9890203475952148,1.186398983001709,0.3136794865131378,0.13920021057128906,0.08538196980953217,0.012475146912038326,0.9864976406097412
178,2026-06-01 20:59:55.267908,0.9891690611839294,1.1951309442520142,0.3163416385650635,0.1469217985868454,0.0858968049287796,0.013274786993861198,0.9853220582008362
179,2026-06-01 20:59:55.267908,0.9891123175621033,1.2037562131881714,0.31899821758270264,0.15380550920963287,0.08521316200494766,0.012735151685774326,0.9843375086784363
180,2026-06-01 20:59:55.267908,0.9892975687980652,1.214081048965454,0.32230469584465027,0.16244734823703766,0.08582126349210739,0.01439451053738594,0.982872486114502
181,2026-06-01 20:59:55.267908,0.9893454909324646,1.2248278856277466,0.3259658217430115,0.17210137844085693,0.08577435463666916,0.014567513018846512,0.9812297224998474
182,2026-06-01 20:59:55.267908,0.9896279573440552,1.235676884651184,0.330107718706131,0.18020585179328918,0.08693673461675644,0.01723916456103325,0.9796279072761536
183,2026-06-01 20:59:55.267908,0.9895833730697632,1.2439360618591309,0.3331644535064697,0.18808452785015106,0.08591654151678085,0.016090955585241318,0.9782554507255554
184,2026-06-01 20:59:55.267908,0.9896551370620728,1.252145528793335,0.3363921046257019,0.19512058794498444,0.08538074791431427,0.017720703035593033,0.9768950939178467
185,2026-06-01 20:59:55.267908,0.9896984100341797,1.2606306076049805,0.34005510807037354,0.2026185542345047,0.08455554395914078,0.017178911715745926,0.9754492044448853
186,2026-06-01 20:59:55.267908,0.9899454712867737,1.2686362266540527,0.3436380922794342,0.20831818878650665,0.08511549234390259,0.01783994399011135,0.9741871953010559
187,2026-06-01 20:59:55.267908,0.9900766015052795,1.2770496606826782,0.3473425507545471,0.2172703742980957,0.08528760075569153,0.018474377691745758,0.9722028970718384
188,2026-06-01 20:59:55.267908,0.9902014136314392,1.2870866060256958,0.35190093517303467,0.22728721797466278,0.08459357917308807,0.018130116164684296,0.9699772596359253
189,2026-06-01 20:59:55.267908,0.9903857707977295,1.295332431793213,0.3561955690383911,0.23289452493190765,0.08549851179122925,0.02036750689148903,0.9685221910476685
190,2026-06-01 20:59:55.267908,0.9904351234436035,1.3035500049591064,0.36042484641075134,0.23991049826145172,0.08498290181159973,0.020756999030709267,0.9668453931808472
191,2026-06-01 20:59:55.267908,0.991187572479248,1.3131545782089233,0.365770161151886,0.2463461011648178,0.08741190284490585,0.026005474850535393,0.9648815989494324
192,2026-06-01 20:59:55.267908,0.991176962852478,1.321210503578186,0.37026509642601013,0.25327709317207336,0.0866033211350441,0.02475189045071602,0.963191568851471
193,2026-06-01 20:59:55.267908,0.9916869401931763,1.3307440280914307,0.37586069107055664,0.2598327398300171,0.08825495094060898,0.02917606383562088,0.9611695408821106
194,2026-06-01 20:59:55.267908,0.9917917251586914,1.340544581413269,0.38184410333633423,0.2684663236141205,0.08796781301498413,0.03049309179186821,0.9587792754173279
195,2026-06-01 20:59:55.267908,0.9922834634780884,1.3482662439346313,0.3866209387779236,0.27517998218536377,0.08872079849243164,0.033704038709402084,0.9566967487335205
196,2026-06-01 20:59:55.267908,0.992463231086731,1.3578004837036133,0.39267870783805847,0.2840488851070404,0.08822793513536453,0.03473491221666336,0.9541099071502686
197,2026-06-01 20:59:55.267908,0.9929953217506409,1.3654800653457642,0.39788681268692017,0.28924480080604553,0.09066142141819,0.04024050384759903,0.9521022439002991
198,2026-06-01 20:59:55.267908,0.9913453459739685,1.3754082918167114,0.4042930603027344,0.3026319146156311,0.08128397166728973,0.019938966259360313,0.9494258165359497
199,2026-06-01 20:59:55.267908,0.9916560649871826,1.3829158544540405,0.4096561074256897,0.3100346028804779,0.08044198155403137,0.020033685490489006,0.9471042156219482
200,2026-06-01 20:59:55.267908,0.9918227195739746,1.392012119293213,0.41627395153045654,0.3184182643890381,0.08015553653240204,0.020615670830011368,0.9443304538726807
201,2026-06-01 20:59:55.267908,0.9919065833091736,1.3990110158920288,0.42168760299682617,0.32530370354652405,0.08009227365255356,0.02109465003013611,0.941975474357605
202,2026-06-01 20:59:55.267908,0.9920568466186523,1.4062561988830566,0.42754730582237244,0.33209162950515747,0.08055148273706436,0.02147672511637211,0.9395560026168823
203,2026-06-01 20:59:55.267908,0.992332935333252,1.4130988121032715,0.4330492913722992,0.33894312381744385,0.07961531728506088,0.021712297573685646,0.9371806979179382
204,2026-06-01 20:59:55.267908,0.9925058484077454,1.420166254043579,0.43887391686439514,0.34568896889686584,0.07922256737947464,0.02222023718059063,0.9347348213195801
205,2026-06-01 20:59:55.267908,0.9925861954689026,1.4287716150283813,0.4464769959449768,0.3543227016925812,0.07941945642232895,0.022984618321061134,0.9314610958099365
206,2026-06-01 20:59:55.267908,0.9928309321403503,1.4372303485870361,0.45422545075416565,0.36282721161842346,0.07876260578632355,0.023318231105804443,0.928229033946991
207,2026-06-01 20:59:55.267908,0.9930304884910583,1.4438107013702393,0.4602613151073456,0.3697057366371155,0.07829751074314117,0.024036653339862823,0.9255319833755493
208,2026-06-01 20:59:55.267908,0.9932402968406677,1.4503153562545776,0.4664600193500519,0.37614700198173523,0.07822190225124359,0.024384090676903725,0.9229303002357483
209,2026-06-01 20:59:55.267908,0.9933524131774902,1.458301305770874,0.474310964345932,0.38462647795677185,0.07833841443061829,0.0247771218419075,0.9194083213806152
210,2026-06-01 20:59:55.267908,0.9936286211013794,1.466232419013977,0.4825332760810852,0.3933887481689453,0.07761086523532867,0.024858957156538963,0.9157532453536987
211,2026-06-01 20:59:55.267908,0.9937957525253296,1.4724804162979126,0.4891224205493927,0.399986207485199,0.07772765308618546,0.026251237839460373,0.9128419756889343
212,2026-06-01 20:59:55.267908,0.9939934611320496,1.4785094261169434,0.4956391453742981,0.40644481778144836,0.07689422369003296,0.026732206344604492,0.910041332244873
213,2026-06-01 20:59:55.267908,0.9941736459732056,1.4861767292022705,0.5043966174125671,0.4151897132396698,0.07681046426296234,0.026975277811288834,0.9060849547386169
214,2026-06-01 20:59:55.267908,0.9942713379859924,1.4920886754989624,0.5112872123718262,0.4219106137752533,0.07623971253633499,0.027943387627601624,0.9029939770698547
215,2026-06-01 20:59:55.267908,0.9945647716522217,1.4993000030517578,0.5198833346366882,0.42990413308143616,0.07558595389127731,0.028240308165550232,0.8992617726325989
216,2026-06-01 20:59:55.267908,0.9948055744171143,1.5049562454223633,0.5269890427589417,0.43660104274749756,0.07565072178840637,0.028864607214927673,0.8960040807723999
217,2026-06-01 20:59:55.267908,0.9949590563774109,1.5104869604110718,0.5340849757194519,0.4432313144207001,0.07530498504638672,0.029146216809749603,0.8927630186080933
218,2026-06-01 20:59:55.267908,0.9950518608093262,1.5171806812286377,0.5430635809898376,0.45104315876960754,0.07438681274652481,0.02983979322016239,0.8888961672782898
219,2026-06-01 20:59:55.267908,0.995393693447113,1.523818016052246,0.5521992444992065,0.45915836095809937,0.07385028153657913,0.030390750616788864,0.8847576379776001
220,2026-06-01 20:59:55.267908,0.9956328272819519,1.5303438901901245,0.5616852045059204,0.4671177566051483,0.07410089671611786,0.03056393377482891,0.8805543780326843
221,2026-06-01 20:59:55.267908,0.995719850063324,1.5353856086730957,0.5692546963691711,0.473396360874176,0.07324715703725815,0.0315796323120594,0.8772305846214294
222,2026-06-01 20:59:55.267908,0.9960052371025085,1.541538953781128,0.57874596118927,0.4814870059490204,0.07293899357318878,0.031329404562711716,0.8728508949279785
223,2026-06-01 20:59:55.267908,0.9962968230247498,1.5473626852035522,0.5881946086883545,0.4892120361328125,0.07260515540838242,0.03207304701209068,0.868545651435852
224,2026-06-01 20:59:55.267908,0.9964216947555542,1.5531901121139526,0.5979518890380859,0.49687281250953674,0.07192017883062363,0.03311118856072426,0.8642039895057678
225,2026-06-01 20:59:55.267908,0.9966933131217957,1.5589134693145752,0.6079782843589783,0.505181610584259,0.07147084176540375,0.03342831879854202,0.859398603439331
226,2026-06-01 20:59:55.267908,0.9969667792320251,1.564323902130127,0.6177114248275757,0.5129144787788391,0.07150125503540039,0.033565860241651535,0.8547980189323425
227,2026-06-01 20:59:55.267908,0.9971569180488586,1.569610834121704,0.6278076767921448,0.5202065110206604,0.07095205038785934,0.03408877179026604,0.8504051566123962
228,2026-06-01 20:59:55.267908,0.99737548828125,1.5746548175811768,0.6379095911979675,0.5277817249298096,0.07016751915216446,0.03452863171696663,0.8457722663879395
229,2026-06-01 20:59:55.267908,0.9976180791854858,1.5785075426101685,0.6458529829978943,0.5338462591171265,0.07002782821655273,0.035304758697748184,0.8419370651245117
230,2026-06-01 20:59:55.267908,0.9979047179222107,1.5833688974380493,0.6563013792037964,0.5417635440826416,0.06901029497385025,0.035798829048871994,0.8369278907775879
231,2026-06-01 20:59:55.267908,0.9980374574661255,1.5870620012283325,0.6646928191184998,0.5480697154998779,0.06888504326343536,0.035971011966466904,0.8328147530555725
232,2026-06-01 20:59:55.267908,0.9982154369354248,1.590624213218689,0.6731166839599609,0.5545021295547485,0.06891953945159912,0.03643730282783508,0.8285226225852966
233,2026-06-01 20:59:55.267908,0.9985392093658447,1.5948635339736938,0.6835663914680481,0.5615832209587097,0.06871934235095978,0.03699571266770363,0.8237314224243164
234,2026-06-01 20:59:55.267908,0.9987788796424866,1.5989289283752441,0.6941841840744019,0.5692947506904602,0.06760383397340775,0.03741314262151718,0.8184947371482849
235,2026-06-01 20:59:55.267908,0.9989306926727295,1.6028752326965332,0.7049371600151062,0.5764352679252625,0.06697411090135574,0.037741463631391525,0.8135185837745667
236,2026-06-01 20:59:55.267908,0.9992309808731079,1.606530785560608,0.7156473994255066,0.584114134311676,0.06646765023469925,0.03901801258325577,0.8080039620399475
237,2026-06-01 20:59:55.267908,0.9995167851448059,1.6093308925628662,0.7242498993873596,0.5899481773376465,0.0660887062549591,0.03921564668416977,0.8037757873535156
238,2026-06-01 20:59:55.267908,0.9996961951255798,1.6125961542129517,0.7350470423698425,0.597420871257782,0.06659483164548874,0.039671774953603745,0.7981725931167603
239,2026-06-01 20:59:55.267908,0.9998997449874878,1.615165114402771,0.7438724040985107,0.6030216813087463,0.06584606319665909,0.04005070775747299,0.7939931154251099
240,2026-06-01 20:59:55.267908,1.0001449584960938,1.6180754899978638,0.754718005657196,0.6099035143852234,0.06539222598075867,0.04046933352947235,0.7887356281280518
241,2026-06-01 20:59:55.267908,1.000471591949463,1.6208382844924927,0.7657155990600586,0.617012083530426,0.06548160314559937,0.040724750608205795,0.7831665277481079
242,2026-06-01 20:59:55.267908,1.0005812644958496,1.6229634284973145,0.7748875021934509,0.6228786706924438,0.06490731239318848,0.04105575010180473,0.7785394191741943
243,2026-06-01 20:59:55.267908,1.000838041305542,1.6253918409347534,0.7858884930610657,0.6300795078277588,0.06379435211420059,0.0415530800819397,0.7727894186973572
244,2026-06-01 20:59:55.267908,1.001172661781311,1.6274938583374023,0.7966448664665222,0.6366380453109741,0.0635155513882637,0.04247577115893364,0.767367959022522
245,2026-06-01 20:59:55.267908,1.0014876127243042,1.629318356513977,0.8066008687019348,0.6427104473114014,0.06238292157649994,0.042907170951366425,0.7623586654663086
246,2026-06-01 20:59:55.267908,1.0016167163848877,1.6308519840240479,0.8160627484321594,0.648859977722168,0.06267008930444717,0.04334927722811699,0.7570827007293701
247,2026-06-01 20:59:55.267908,1.001695156097412,1.632163166999817,0.8250952363014221,0.6543987393379211,0.0615541934967041,0.04418666660785675,0.7523435950279236
248,2026-06-01 20:59:55.267908,1.001893162727356,1.6331700086593628,0.8321452736854553,0.6586260199546814,0.061463724821805954,0.044322945177555084,0.7486451268196106
249,2026-06-01 20:59:55.267908,1.0021240711212158,1.6342447996139526,0.8406551480293274,0.6634577512741089,0.06129264459013939,0.044341422617435455,0.7443795204162598
250,2026-06-01 20:59:55.267908,1.0022746324539185,1.635083556175232,0.8484206199645996,0.668486475944519,0.06116854399442673,0.044722530990839005,0.7398541569709778
251,2026-06-01 20:59:55.267908,1.0024456977844238,1.635787010192871,0.855862557888031,0.6728087663650513,0.06033855676651001,0.04505214840173721,0.7359741926193237
252,2026-06-01 20:59:55.267908,1.002601146697998,1.636380910873413,0.8629401922225952,0.6767991781234741,0.06006694585084915,0.045159049332141876,0.7323220372200012
253,2026-06-01 20:59:55.267908,1.0027472972869873,1.6367698907852173,0.8681164979934692,0.6802672743797302,0.06001001596450806,0.045772161334753036,0.7290679812431335
254,2026-06-01 20:59:55.267908,1.0028294324874878,1.6371256113052368,0.8731418251991272,0.6829039454460144,0.06012292578816414,0.04613371565937996,0.726566731929779
255,2026-06-01 20:59:55.267908,1.002928376197815,1.6374233961105347,0.87896728515625,0.68633633852005,0.05904432386159897,0.04604046791791916,0.7234199643135071
256,2026-06-01 20:59:55.267908,1.00308096408844,1.6377134323120117,0.8842892646789551,0.6895368099212646,0.058672402054071426,0.04602862149477005,0.7204012870788574
257,2026-06-01 20:59:55.267908,1.003175973892212,1.6378859281539917,0.8890286087989807,0.6922640204429626,0.05814031511545181,0.04671984538435936,0.7177795767784119
258,2026-06-01 20:59:55.267908,1.0031688213348389,1.638043999671936,0.8924965858459473,0.6939857006072998,0.058268751949071884,0.045890405774116516,0.7161582708358765
259,2026-06-01 20:59:55.267908,1.003283977508545,1.638135552406311,0.8958190083503723,0.6959511041641235,0.057851195335388184,0.046617306768894196,0.7142353653907776
260,2026-06-01 20:59:55.267908,1.00336754322052,1.6382064819335938,0.8993865251541138,0.6981982588768005,0.05831063166260719,0.046737272292375565,0.7119934558868408
261,2026-06-01 20:59:55.267908,1.0034587383270264,1.638268232345581,0.902461588382721,0.6998477578163147,0.05849912017583847,0.04679322987794876,0.7103530764579773
262,2026-06-01 20:59:55.267908,1.0034879446029663,1.638325810432434,0.9051135182380676,0.7011202573776245,0.05792482569813728,0.04698505997657776,0.7091314792633057
263,2026-06-01 20:59:55.267908,1.0035022497177124,1.6383551359176636,0.9068784117698669,0.702134907245636,0.05768582597374916,0.047068189829587936,0.7081409096717834
264,2026-06-01 20:59:55.267908,1.003545880317688,1.6383910179138184,0.9087277054786682,0.7034222483634949,0.057025305926799774,0.04743454232811928,0.7068912386894226
265,2026-06-01 20:59:55.267908,1.0036123991012573,1.6383771896362305,0.9101767539978027,0.7040521502494812,0.05740581452846527,0.04686587676405907,0.7062709927558899
266,2026-06-01 20:59:55.267908,1.0035879611968994,1.6383846998214722,0.9110577702522278,0.7045591473579407,0.05728845298290253,0.04680488258600235,0.7057787775993347
267,2026-06-01 20:59:55.267908,1.0036157369613647,1.6383206844329834,0.911339282989502,0.7051066160202026,0.057340044528245926,0.04709097370505333,0.7052087187767029
268,2026-06-01 20:59:55.267908,1.0036050081253052,1.6383734941482544,0.9113475680351257,0.7047139406204224,0.057308223098516464,0.04694470390677452,0.7056134343147278
269,2026-06-01 20:59:55.267908,1.0035861730575562,1.6383817195892334,0.9111249446868896,0.7046306729316711,0.05731724202632904,0.046837080270051956,0.7057030200958252
270,2026-06-01 20:59:55.267908,1.003578543663025,1.6383824348449707,0.9110866189002991,0.7045862078666687,0.05732831731438637,0.04678650200366974,0.7057498693466187
271,2026-06-01 20:59:55.267908,1.0035802125930786,1.63838791847229,0.9112141132354736,0.7046253085136414,0.057305265218019485,0.04687633737921715,0.7057066559791565
272,2026-06-01 20:59:55.267908,1.0036126375198364,1.6383615732192993,0.9113394021987915,0.704805314540863,0.057359643280506134,0.04688568413257599,0.7055218815803528
273,2026-06-01 20:59:55.267908,1.0036119222640991,1.6383634805679321,0.9112454056739807,0.7047868967056274,0.05743517354130745,0.04684033617377281,0.7055371999740601
274,2026-06-01 20:59:55.267908,1.003587007522583,1.638392686843872,0.9111250638961792,0.7046522498130798,0.057331737130880356,0.04679851979017258,0.7056827545166016
275,2026-06-01 20:59:55.267908,1.0035876035690308,1.6384012699127197,0.9111716747283936,0.7046558856964111,0.05730069801211357,0.046861156821250916,0.7056775093078613
276,2026-06-01 20:59:55.267908,1.0036119222640991,1.638376235961914,0.9112677574157715,0.7048057913780212,0.05745994299650192,0.04685283079743385,0.705515444278717
277,2026-06-01 20:59:55.267908,1.0036118030548096,1.6383647918701172,0.9112856984138489,0.704781711101532,0.05744723230600357,0.046879325062036514,0.7055386900901794
278,2026-06-01 20:59:55.267908,1.0035916566848755,1.638352632522583,0.9111962914466858,0.7048071622848511,0.05746288225054741,0.04689972847700119,0.705510675907135
279,2026-06-01 20:59:55.267908,1.0035730600357056,1.6383789777755737,0.9111531972885132,0.7046610713005066,0.05726996064186096,0.046843722462654114,0.7056760787963867
280,2026-06-01 20:59:55.267908,1.0035932064056396,1.6383872032165527,0.9112187027931213,0.7046754956245422,0.057258475571870804,0.046836528927087784,0.7056630253791809
281,2026-06-01 20:59:55.267908,1.003600835800171,1.6383870840072632,0.9112575650215149,0.7046610116958618,0.05727345123887062,0.04689525440335274,0.7056723833084106
282,2026-06-01 20:59:55.267908,1.003588318824768,1.6383819580078125,0.911202609539032,0.7046709656715393,0.05731447786092758,0.046837497502565384,0.7056629061698914
283,2026-06-01 20:59:55.267908,1.003586769104004,1.6383641958236694,0.9111530780792236,0.7047725319862366,0.05747801810503006,0.04682408645749092,0.7055490612983704
284,2026-06-01 20:59:55.267908,1.0035853385925293,1.6383675336837769,0.9111952185630798,0.7046977281570435,0.05735405907034874,0.046879030764102936,0.7056301832199097
285,2026-06-01 20:59:55.267908,1.003605604171753,1.6383602619171143,0.9112324714660645,0.7047816514968872,0.05745558440685272,0.0468594916164875,0.7055394649505615
286,2026-06-01 20:59:55.267908,1.0035964250564575,1.6383676528930664,0.9112210273742676,0.7047351598739624,0.057466618716716766,0.04686882719397545,0.7055844068527222
287,2026-06-01 20:59:55.267908,1.0035810470581055,1.638382077217102,0.9111852645874023,0.7046223282814026,0.05731122940778732,0.046887729316949844,0.705708384513855
288,2026-06-01 20:59:55.267908,1.0035597085952759,1.638350486755371,0.9111359119415283,0.7048772573471069,0.05703514441847801,0.046967584639787674,0.7054708003997803
289,2026-06-01 20:59:55.267908,1.0035961866378784,1.638354778289795,0.9112330079078674,0.7047633528709412,0.0574674978852272,0.04687775298953056,0.7055554986000061
290,2026-06-01 20:59:55.267908,1.0035868883132935,1.6383482217788696,0.9112193584442139,0.7047558426856995,0.05744069814682007,0.046878114342689514,0.7055651545524597
291,2026-06-01 20:59:55.267908,1.003584623336792,1.6383782625198364,0.9111921787261963,0.7046306729316711,0.057343821972608566,0.046843741089105606,0.7057003974914551
292,2026-06-01 20:59:55.267908,1.0035969018936157,1.6383639574050903,0.9111812114715576,0.7047461867332458,0.05747215822339058,0.04683781415224075,0.7055749893188477
293,2026-06-01 20:59:55.267908,1.0035769939422607,1.6383862495422363,0.9112117886543274,0.7046377658843994,0.057492323219776154,0.04698789864778519,0.7056716084480286
294,2026-06-01 20:59:55.267908,1.003588318824768,1.6383785009384155,0.9112270474433899,0.7046855688095093,0.05729128047823906,0.04684353619813919,0.7056497931480408
295,2026-06-01 20:59:55.267908,1.0035860538482666,1.6383694410324097,0.9112107753753662,0.7046530842781067,0.05731326714158058,0.046866193413734436,0.7056789398193359
