iteration,phase,sample_type,nearest_idx,node_count,accepted,collision,collision_pairs,reason,cost,from_q,to_q,sample_q
0,add_node,random,0,2,True,False,,best_parent=0,0.08000000000000002,"[0.0, 0.0, 0.0, 0.0, 0.0, 0.0, 0.0, 0.0]","[0.206265, 0.086239, -0.219796, 0.098948, -0.093532, 0.209311, -0.093965, 0.180838]","[2.168565, 0.906675, -2.31082, 1.040285, -0.983348, 2.20059, -0.987899, 1.901241]"
1,add_node,random,0,3,True,False,,best_parent=0,0.07999999999999999,"[0.0, 0.0, 0.0, 0.0, 0.0, 0.0, 0.0, 0.0]","[0.094676, -0.097808, -0.219461, -0.027383, 0.136047, -0.146326, 0.137308, 0.211502]","[0.886909, -0.916254, -2.055874, -0.256523, 1.274465, -1.370761, 1.286279, 1.981313]"
2,add_node,random,1,4,True,False,,best_parent=0,0.12745557981313183,"[0.0, 0.0, 0.0, 0.0, 0.0, 0.0, 0.0, 0.0]","[0.523015, 0.083205, -0.149501, 0.264501, 0.126444, 0.398339, 0.120361, 0.34365]","[4.260627, 0.047398, 0.679968, 2.218012, 2.722146, 2.62885, 2.649386, 2.264815]"
3,add_node,random,2,5,True,False,,best_parent=0,0.11935252939234545,"[0.0, 0.0, 0.0, 0.0, 0.0, 0.0, 0.0, 0.0]","[0.423379, -0.179759, -0.223049, 0.09145, -0.117959, -0.229442, 0.043546, 0.058007]","[3.093479, -0.845456, -0.252191, 1.05675, -2.181282, -0.904599, -0.718096, -1.188854]"
4,add_node,random,4,6,True,False,,best_parent=0,0.16907368912903378,"[0.0, 0.0, 0.0, 0.0, 0.0, 0.0, 0.0, 0.0]","[0.830871, -0.169033, -0.308069, 0.063779, -0.320481, -0.418561, -0.037718, -0.176431]","[5.911184, -0.035307, -1.368045, -0.281203, -2.845379, -2.776371, -1.050862, -3.099226]"
5,add_node,random,3,7,True,False,,best_parent=0,0.1831729141984092,"[0.0, 0.0, 0.0, 0.0, 0.0, 0.0, 0.0, 0.0]","[0.603807, 0.08284, -0.117214, 0.41412, 0.467557, 0.618465, -0.082007, 0.4818]","[1.08327, 0.080676, 0.074395, 1.302035, 2.491896, 1.924803, -1.282962, 1.301654]"
6,add_node,random,3,8,True,False,,best_parent=0,0.17012903556762832,"[0.0, 0.0, 0.0, 0.0, 0.0, 0.0, 0.0, 0.0]","[0.776659, 0.113472, -0.362911, 0.464778, 0.214649, 0.091806, 0.202952, 0.43584]","[2.203418, 0.283729, -1.563347, 1.591345, 0.7108, -1.632453, 0.667531, 0.954407]"
7,add_node,random,6,9,True,False,,best_parent=0,0.23279516968616337,"[0.0, 0.0, 0.0, 0.0, 0.0, 0.0, 0.0, 0.0]","[0.629471, 0.027385, 0.121927, 0.66416, 0.544979, 0.797279, 0.047639, 0.699017]","[0.858006, -0.466446, 2.251467, 2.890759, 1.234421, 2.389616, 1.202131, 2.633324]"
8,add_node,random,8,10,True,False,,best_parent=0,0.24282687080092605,"[0.0, 0.0, 0.0, 0.0, 0.0, 0.0, 0.0, 0.0]","[0.645944, -0.043005, 0.407893, 0.630467, 0.57183, 0.674696, 0.367187, 0.750123]","[0.768678, -0.567452, 2.538517, 0.379432, 0.771883, -0.238622, 2.748012, 1.13089]"
9,add_node,random,9,11,True,False,,best_parent=0,0.2678528451853577,"[0.0, 0.0, 0.0, 0.0, 0.0, 0.0, 0.0, 0.0]","[1.095562, 0.029812, 0.567697, 0.499389, 0.638126, 0.713103, 0.442642, 0.615596]","[6.816231, 0.956292, 2.600945, -1.168359, 1.48163, 1.201772, 1.402689, -1.09604]"
10,add_node,random,7,12,True,False,,best_parent=0,0.22762904713981538,"[0.0, 0.0, 0.0, 0.0, 0.0, 0.0, 0.0, 0.0]","[1.240697, 0.090465, -0.533028, 0.60747, 0.268862, -0.048196, 0.37889, 0.344625]","[6.289323, -0.159853, -2.383858, 2.159922, 0.85869, -1.571382, 2.293051, -0.647774]"
11,add_node,random,6,13,True,False,,best_parent=0,0.2130996684357978,"[0.0, 0.0, 0.0, 0.0, 0.0, 0.0, 0.0, 0.0]","[0.54184, 0.158563, -0.019896, 0.141925, 0.642663, 0.603183, -0.254148, 0.70396]","[0.021011, 0.795012, 0.798059, -2.145858, 2.114416, 0.474743, -1.700984, 2.571198]"
12,add_node,random,10,14,True,False,,best_parent=0,0.2959136694699205,"[0.0, 0.0, 0.0, 0.0, 0.0, 0.0, 0.0, 0.0]","[1.116068, 0.063733, 0.857789, 0.624152, 0.53833, 0.973444, 0.259702, 0.44276]","[1.262255, 0.305552, 2.925836, 1.513572, -0.173102, 2.829394, -1.044468, -0.789377]"
13,add_node,random,13,15,True,False,,best_parent=0,0.32551648615238427,"[0.0, 0.0, 0.0, 0.0, 0.0, 0.0, 0.0, 0.0]","[1.362236, 0.093994, 0.875818, 0.844365, 0.628891, 1.002752, 0.183556, 0.066721]","[3.23163, 0.323801, 1.012725, 2.516663, 1.316602, 1.225316, -0.394693, -2.78891]"
14,add_node,goal_bias,5,16,True,False,,best_parent=0,0.21328142197248318,"[0.0, 0.0, 0.0, 0.0, 0.0, 0.0, 0.0, 0.0]","[0.991633, -0.278284, -0.221239, -0.028103, -0.451343, -0.313558, -0.239281, 0.006958]","[2.053633, -1.0, 0.352362, -0.635075, -1.315819, 0.380094, -1.570809, 1.218425]"
15,add_node,random,13,17,True,False,,best_parent=0,0.3205263228691978,"[0.0, 0.0, 0.0, 0.0, 0.0, 0.0, 0.0, 0.0]","[1.172891, -0.030759, 1.008701, 0.397797, 0.720911, 1.073815, 0.085413, 0.563321]","[1.678484, -0.871508, 2.351458, -1.616225, 2.345445, 1.966877, -1.465337, 1.636027]"
16,add_node,random,15,18,True,False,,best_parent=0,0.2488401126571435,"[0.0, 0.0, 0.0, 0.0, 0.0, 0.0, 0.0, 0.0]","[0.957945, -0.344722, -0.362026, 0.009085, -0.180558, -0.615635, -0.380104, 0.057551]","[0.688741, -0.87562, -1.487041, 0.306248, 1.983263, -3.029507, -1.505408, 0.461833]"
17,add_node,random,14,19,True,False,,best_parent=0,0.32693196978768924,"[0.0, 0.0, 0.0, 0.0, 0.0, 0.0, 0.0, 0.0]","[1.398106, 0.13326, 0.87088, 0.924959, 0.22695, 0.995642, 0.365648, -0.120648]","[1.69161, 0.454551, 0.830476, 1.584422, -3.061954, 0.93746, 1.855625, -1.653806]"
18,add_node,random,18,20,True,False,,best_parent=0,0.3666561212865892,"[0.0, 0.0, 0.0, 0.0, 0.0, 0.0, 0.0, 0.0]","[1.882156, 0.195498, 0.906394, 0.932967, 0.345668, 0.820028, 0.366269, -0.261683]","[6.993885, 0.852755, 1.281436, 1.01753, 1.599371, -1.034507, 0.372833, -1.751048]"
19,add_node,random,15,21,True,False,,best_parent=0,0.234306011721677,"[0.0, 0.0, 0.0, 0.0, 0.0, 0.0, 0.0, 0.0]","[0.99886, -0.292, -0.227241, -0.151702, -0.634765, -0.262036, -0.00166, 0.384374]","[1.044641, -0.378894, -0.265265, -0.934736, -1.796795, 0.064373, 1.503735, 2.775411]"
20,add_node,random,15,22,True,False,,best_parent=0,0.25366527962693836,"[0.0, 0.0, 0.0, 0.0, 0.0, 0.0, 0.0, 0.0]","[1.335189, -0.30243, -0.455155, -0.08535, -0.390133, -0.055388, -0.325586, -0.183384]","[3.932613, -0.484984, -2.223658, -0.518162, 0.072635, 1.896493, -0.978084, -1.622454]"
21,add_node,random,21,23,True,False,,best_parent=0,0.27404330611044087,"[0.0, 0.0, 0.0, 0.0, 0.0, 0.0, 0.0, 0.0]","[1.308543, -0.237394, -0.630965, -0.122785, -0.594344, -0.100817, -0.641551, -0.368704]","[1.098472, 0.275342, -2.017029, -0.417919, -2.204312, -0.458976, -3.13258, -1.829738]"
22,add_node,random,17,24,True,False,,best_parent=0,0.2873217512346979,"[0.0, 0.0, 0.0, 0.0, 0.0, 0.0, 0.0, 0.0]","[0.856496, -0.383036, -0.550298, 0.289987, -0.194918, -0.883894, -0.281674, 0.245215]","[0.202598, -0.629992, -1.763824, 2.100564, -0.287478, -2.612983, 0.352766, 1.454824]"
23,add_node,random,19,25,True,False,,best_parent=0,0.4130646852350852,"[0.0, 0.0, 0.0, 0.0, 0.0, 0.0, 0.0, 0.0]","[2.272611, 0.280217, 1.023972, 0.871008, 0.478973, 0.631234, 0.337207, -0.37735]","[5.465853, 0.973068, 1.985555, 0.364292, 1.569175, -0.912774, 0.099532, -1.323308]"
24,add_node,random,21,26,True,False,,best_parent=0,0.2979538259338303,"[0.0, 0.0, 0.0, 0.0, 0.0, 0.0, 0.0, 0.0]","[1.803598, -0.288322, -0.550774, -0.16792, -0.505174, 0.062071, -0.063361, -0.177014]","[7.524164, -0.116018, -1.718546, -1.176325, -1.910139, 1.496567, 3.139127, -0.09922]"
25,add_node,random,16,27,True,False,,best_parent=0,0.35750566339382567,"[0.0, 0.0, 0.0, 0.0, 0.0, 0.0, 0.0, 0.0]","[1.385727, 0.011975, 1.112279, 0.125876, 0.676081, 1.209785, 0.359393, 0.723142]","[3.51513, 0.439524, 2.148561, -2.594659, 0.227564, 2.570151, 3.100532, 2.322137]"
26,add_node,random,11,28,True,False,,best_parent=0,0.2722694016168638,"[0.0, 0.0, 0.0, 0.0, 0.0, 0.0, 0.0, 0.0]","[1.638796, 0.101801, -0.497209, 0.392987, 0.399091, -0.258411, 0.575721, 0.406356]","[6.56741, 0.242153, -0.053755, -2.262394, 2.011376, -2.860956, 3.012572, 1.170608]"
27,add_node,random,5,29,True,False,,best_parent=0,0.2055588829252318,"[0.0, 0.0, 0.0, 0.0, 0.0, 0.0, 0.0, 0.0]","[0.998249, -0.116075, -0.208369, 0.170877, -0.621857, -0.493174, 0.113333, -0.43417]","[2.335195, 0.306927, 0.587994, 1.026329, -3.029125, -1.089149, 1.319863, -2.492889]"
28,add_node,random,16,30,True,False,,best_parent=0,0.3433952541579402,"[0.0, 0.0, 0.0, 0.0, 0.0, 0.0, 0.0, 0.0]","[1.310383, -0.007253, 1.099108, 0.504777, 0.872455, 0.824936, -0.197109, 0.788418]","[2.288321, 0.15994, 1.742142, 1.265697, 1.950345, -0.945268, -2.206616, 2.389474]"
29,add_node,random,19,31,True,False,,best_parent=0,0.38886834232732753,"[0.0, 0.0, 0.0, 0.0, 0.0, 0.0, 0.0, 0.0]","[2.116433, 0.204483, 0.83115, 1.001694, -0.039978, 0.861151, 0.525511, -0.086272]","[3.901021, 0.272923, 0.257983, 1.525221, -2.977608, 1.174401, 1.738523, 1.249907]"
30,add_node,random,25,32,True,False,,best_parent=0,0.34399514074721654,"[0.0, 0.0, 0.0, 0.0, 0.0, 0.0, 0.0, 0.0]","[2.157197, -0.334085, -0.64538, -0.025383, -0.309439, 0.206529, -0.263984, -0.021937]","[6.616605, -0.911228, -1.838496, 1.772215, 2.159078, 2.028361, -2.794142, 1.933817]"
31,add_node,random,24,33,True,False,,best_parent=0,0.4578624238982216,"[0.0, 0.0, 0.0, 0.0, 0.0, 0.0, 0.0, 0.0]","[2.439779, 0.27717, 1.013115, 1.044703, 0.775776, 0.567382, 0.554828, -0.631986]","[3.579979, 0.256392, 0.939057, 2.229427, 2.800182, 0.131866, 2.039153, -2.368784]"
32,add_node,random,29,34,True,False,,best_parent=0,0.3911232070108624,"[0.0, 0.0, 0.0, 0.0, 0.0, 0.0, 0.0, 0.0]","[1.349629, 0.078143, 1.305849, 0.705588, 0.741237, 1.008293, -0.260187, 0.992495]","[1.695559, 0.830862, 3.128162, 2.475624, -0.415377, 2.624478, -0.81618, 2.791316]"
33,add_node,random,31,35,True,False,,best_parent=0,0.3629286316757931,"[0.0, 0.0, 0.0, 0.0, 0.0, 0.0, 0.0, 0.0]","[2.201025, -0.344803, -0.77443, -0.031813, -0.024479, 0.404965, -0.260408, -0.357753]","[2.530298, -0.425329, -1.743965, -0.080119, 2.116376, 1.895782, -0.233543, -2.880691]"
34,add_node,goal_bias,31,36,True,False,,best_parent=0,0.37620829317516535,"[0.0, 0.0, 0.0, 0.0, 0.0, 0.0, 0.0, 0.0]","[2.140772, -0.439694, -0.487145, -0.122076, -0.469043, 0.234055, -0.471237, 0.174775]","[2.053633, -1.0, 0.352362, -0.635075, -1.315819, 0.380094, -1.570809, 1.218425]"
35,add_node,random,27,37,True,False,,best_parent=0,0.3025928938625183,"[0.0, 0.0, 0.0, 0.0, 0.0, 0.0, 0.0, 0.0]","[1.922545, 0.165748, -0.529588, 0.316145, 0.431292, -0.454315, 0.237071, 0.418899]","[4.384455, 0.720569, -0.810525, -0.350564, 0.710676, -2.154045, -2.701176, 0.527724]"
36,add_node,random,30,38,True,False,,best_parent=0,0.42785781509025433,"[0.0, 0.0, 0.0, 0.0, 0.0, 0.0, 0.0, 0.0]","[2.340648, 0.175548, 0.955381, 1.168963, -0.185926, 0.995368, 0.238565, -0.303798]","[4.230725, -0.068365, 2.002614, 2.578993, -1.416228, 2.126785, -2.180321, -2.137492]"
37,add_node,random,32,39,True,False,,best_parent=0,0.5114395487311225,"[0.0, 0.0, 0.0, 0.0, 0.0, 0.0, 0.0, 0.0]","[2.913829, 0.269733, 1.067113, 0.855451, 0.894815, 0.690021, 0.654918, -0.810567]","[6.611783, 0.211712, 1.488343, -0.620859, 1.823413, 1.6467, 1.435702, -2.203639]"
38,add_node,random,34,40,True,False,,best_parent=0,0.42114902366800305,"[0.0, 0.0, 0.0, 0.0, 0.0, 0.0, 0.0, 0.0]","[2.677601, -0.382049, -0.653298, -0.241247, 0.013785, 0.591704, -0.269949, -0.342261]","[5.824919, -0.628021, 0.146662, -1.624354, 0.266486, 1.824929, -0.332959, -0.239947]"
39,add_node,random,38,41,True,False,,best_parent=0,0.5492636450988618,"[0.0, 0.0, 0.0, 0.0, 0.0, 0.0, 0.0, 0.0]","[3.336018, 0.180707, 1.152672, 1.015036, 0.944729, 0.58928, 0.687186, -0.687453]","[7.579824, -0.714169, 2.012701, 2.619168, 1.446457, -0.423356, 1.011539, 0.550086]"
40,add_node,random,22,42,True,False,,best_parent=0,0.3200969362081694,"[0.0, 0.0, 0.0, 0.0, 0.0, 0.0, 0.0, 0.0]","[1.558953, -0.238316, -0.502082, -0.353411, -0.755019, -0.354229, -0.732139, -0.580205]","[3.457666, -0.245303, 0.475164, -2.102116, -1.973322, -2.275702, -1.419013, -2.183897]"
41,add_node,random,37,43,True,False,,best_parent=0,0.4590463247255228,"[0.0, 0.0, 0.0, 0.0, 0.0, 0.0, 0.0, 0.0]","[2.502642, 0.271685, 0.971992, 1.165505, -0.452855, 0.914917, 0.097071, -0.519818]","[3.606727, 0.92692, 1.085209, 1.141936, -2.272135, 0.366595, -0.867299, -1.99212]"
42,add_node,random,39,44,True,False,,best_parent=0,0.44109897703009476,"[0.0, 0.0, 0.0, 0.0, 0.0, 0.0, 0.0, 0.0]","[2.729164, -0.4017, -0.767829, -0.512091, 0.292934, 0.553625, -0.355784, -0.070778]","[3.150262, -0.562184, -1.703164, -2.723972, 2.572636, 0.242647, -1.056762, 2.146324]"
43,add_node,random,36,45,True,False,,best_parent=0,0.3535027967138969,"[0.0, 0.0, 0.0, 0.0, 0.0, 0.0, 0.0, 0.0]","[2.288908, 0.12807, -0.444413, 0.202162, 0.68131, -0.720399, 0.234003, 0.423876]","[5.596189, -0.212061, 0.324497, -0.826797, 2.938312, -3.122427, 0.206305, 0.468811]"
44,add_node,random,42,46,True,False,,best_parent=0,0.49531876754342824,"[0.0, 0.0, 0.0, 0.0, 0.0, 0.0, 0.0, 0.0]","[2.96817, 0.249658, 0.899361, 1.217211, -0.499956, 0.902276, -0.161492, -0.33681]","[6.873215, 0.064879, 0.290103, 1.650944, -0.895063, 0.796241, -2.330421, 1.19834]"
45,add_node,random,44,47,True,False,,best_parent=0,0.38302776091658836,"[0.0, 0.0, 0.0, 0.0, 0.0, 0.0, 0.0, 0.0]","[2.514793, 0.179774, -0.179702, 0.041321, 0.483742, -0.857562, 0.316459, 0.606134]","[4.893401, 0.724221, 2.607736, -1.652365, -1.596678, -2.301909, 1.184734, 2.525337]"
46,add_node,random,43,48,True,False,,best_parent=0,0.47049340081773416,"[0.0, 0.0, 0.0, 0.0, 0.0, 0.0, 0.0, 0.0]","[2.822851, -0.435911, -0.941831, -0.649857, 0.511094, 0.417214, -0.16793, 0.220037]","[3.745156, -0.772696, -2.654809, -2.006107, 2.658796, -0.92569, 1.681415, 3.08299]"
47,add_node,random,29,49,True,False,,best_parent=0,0.3915608900617233,"[0.0, 0.0, 0.0, 0.0, 0.0, 0.0, 0.0, 0.0]","[1.62804, -0.058433, 0.959238, 0.582664, 1.106363, 0.825347, -0.369273, 1.018268]","[3.063899, -0.289775, 0.327006, 0.934726, 2.16366, 0.827203, -1.147476, 2.057221]"
48,add_node,random,44,50,True,False,,best_parent=0,0.4058205067845367,"[0.0, 0.0, 0.0, 0.0, 0.0, 0.0, 0.0, 0.0]","[2.6951, 0.148484, -0.492423, 0.133715, 0.856148, -0.799508, -0.019345, 0.234054]","[7.021987, 0.365935, -1.003842, -0.595401, 2.718579, -1.642208, -2.718089, -1.787992]"
49,add_node,random,45,51,True,False,,best_parent=0,0.5475714278224063,"[0.0, 0.0, 0.0, 0.0, 0.0, 0.0, 0.0, 0.0]","[3.264487, 0.188597, 1.084482, 1.313209, -0.755672, 1.030434, -0.016253, -0.454135]","[5.176209, -0.20534, 2.278807, 1.932555, -2.405453, 1.857257, 0.920773, -1.211073]"
50,add_node,random,47,52,True,False,,best_parent=0,0.5223025804056594,"[0.0, 0.0, 0.0, 0.0, 0.0, 0.0, 0.0, 0.0]","[3.325336, -0.423819, -1.007206, -0.610705, 0.64453, 0.394413, 0.088892, 0.18371]","[7.837666, -0.315239, -1.594279, -0.259122, 1.842783, 0.189655, 2.395163, -0.142508]"
51,add_node,random,49,53,True,False,,best_parent=0,0.4198342510383464,"[0.0, 0.0, 0.0, 0.0, 0.0, 0.0, 0.0, 0.0]","[2.882724, 0.172849, -0.532491, 0.216664, 0.670162, -0.682532, -0.394034, 0.069267]","[3.715456, 0.28099, -0.710328, 0.584818, -0.155305, -0.163355, -2.057017, -0.662108]"
52,add_node,random,49,54,True,False,,best_parent=0,0.4178581998080429,"[0.0, 0.0, 0.0, 0.0, 0.0, 0.0, 0.0, 0.0]","[2.530292, 0.229626, -0.293812, 0.114668, 1.094246, -0.964443, -0.232351, 0.198689]","[1.206929, 0.881177, 1.300983, -0.038274, 3.006107, -2.288825, -1.94273, -0.08528]"
53,add_node,random,48,55,True,False,,best_parent=0,0.4419251274981666,"[0.0, 0.0, 0.0, 0.0, 0.0, 0.0, 0.0, 0.0]","[1.893702, -0.143696, 1.092482, 0.824485, 1.204192, 0.826509, -0.158765, 1.095812]","[4.329636, -0.925501, 2.314243, 3.041821, 2.10122, 0.837166, 1.771446, 1.80684]"
54,add_node,random,26,56,True,False,,best_parent=0,0.3868647027315538,"[0.0, 0.0, 0.0, 0.0, 0.0, 0.0, 0.0, 0.0]","[1.59516, -0.035473, 1.036337, -0.075507, 0.407426, 1.429681, 0.448707, 0.889462]","[3.108101, -0.378236, 0.487733, -1.530298, -1.533337, 3.018205, 1.093912, 2.090959]"
55,add_node,random,36,57,True,False,,best_parent=0,0.31527919810393434,"[0.0, 0.0, 0.0, 0.0, 0.0, 0.0, 0.0, 0.0]","[1.971072, 0.214292, -0.674192, 0.08246, 0.1463, -0.30715, 0.182336, 0.634051]","[2.429289, 0.672667, -2.039605, -2.124093, -2.544723, 1.082447, -0.334497, 2.665614]"
56,add_node,random,41,58,True,False,,best_parent=0,0.35653604749751694,"[0.0, 0.0, 0.0, 0.0, 0.0, 0.0, 0.0, 0.0]","[1.776382, -0.221299, -0.301346, -0.635191, -0.873616, -0.176039, -0.964305, -0.563966]","[3.667922, -0.073262, 1.444967, -3.086554, -1.905364, 1.374133, -2.984048, -0.422686]"
57,add_node,random,54,59,True,False,,best_parent=0,0.48207805034043477,"[0.0, 0.0, 0.0, 0.0, 0.0, 0.0, 0.0, 0.0]","[1.778553, -0.139583, 1.132604, 1.031347, 1.351003, 0.897599, -0.510275, 1.317831]","[0.924046, -0.109061, 1.430344, 2.566452, 2.440475, 1.425148, -3.118802, 2.965422]"
58,add_node,random,51,60,True,False,,best_parent=0,0.5377161387834309,"[0.0, 0.0, 0.0, 0.0, 0.0, 0.0, 0.0, 0.0]","[3.444757, -0.476281, -0.96871, -0.179125, 0.7564, 0.274503, 0.062933, 0.214496]","[4.319052, -0.860356, -0.686877, 2.980523, 1.575413, -0.603368, -0.127119, 0.439883]"
59,add_node,random,59,61,True,False,,best_parent=0,0.5740304974979968,"[0.0, 0.0, 0.0, 0.0, 0.0, 0.0, 0.0, 0.0]","[3.725675, -0.505526, -0.942569, 0.086626, 0.889709, 0.029767, -0.099111, 0.077121]","[6.871202, -0.832996, -0.649855, 3.062327, 2.38242, -2.710624, -1.913574, -1.46111]"
60,add_node,random,42,62,True,False,,best_parent=0,0.467058502078278,"[0.0, 0.0, 0.0, 0.0, 0.0, 0.0, 0.0, 0.0]","[2.566286, 0.267301, 1.029196, 0.795146, -0.632355, 1.019917, 0.215889, -0.747536]","[3.179542, 0.225055, 1.580396, -2.773506, -2.361964, 2.031668, 1.360782, -2.941763]"
61,add_node,random,53,63,True,False,,best_parent=0,0.41729721625101696,"[0.0, 0.0, 0.0, 0.0, 0.0, 0.0, 0.0, 0.0]","[2.373277, 0.181627, -0.036817, -0.059418, 1.281897, -1.10168, -0.347322, -0.026017]","[1.016649, -0.233092, 2.183631, -1.563536, 2.903217, -2.28742, -1.340677, -1.967495]"
62,add_node,random,23,64,True,False,,best_parent=0,0.32043670317655176,"[0.0, 0.0, 0.0, 0.0, 0.0, 0.0, 0.0, 0.0]","[0.984693, -0.371466, -0.467752, 0.421517, -0.407666, -0.949775, -0.582847, 0.521403]","[1.988636, -0.280856, 0.178687, 1.451559, -2.073731, -1.465696, -2.941391, 2.684278]"
63,add_node,random,51,65,True,False,,best_parent=0,0.5395321194283877,"[0.0, 0.0, 0.0, 0.0, 0.0, 0.0, 0.0, 0.0]","[3.373537, -0.377137, -1.156363, -0.720582, 0.649868, 0.684904, 0.371862, 0.008652]","[3.71337, -0.048011, -2.207959, -1.495246, 0.687505, 2.732949, 2.366876, -1.225556]"
64,add_node,random,33,66,True,False,,best_parent=0,0.38713074522720353,"[0.0, 0.0, 0.0, 0.0, 0.0, 0.0, 0.0, 0.0]","[1.215054, 0.040031, 1.497011, 0.477448, 0.57007, 0.795186, -0.454004, 1.153029]","[0.44714, -0.177451, 2.587828, -0.824374, -0.406652, -0.420858, -1.559973, 2.06908]"
65,add_node,random,55,67,True,False,,best_parent=0,0.451696762820665,"[0.0, 0.0, 0.0, 0.0, 0.0, 0.0, 0.0, 0.0]","[1.892728, -0.098161, 1.277626, -0.098239, 0.226048, 1.65259, 0.51095, 1.001295]","[3.106345, -0.35383, 2.261713, -0.190952, -0.513695, 2.561716, 0.764805, 1.457401]"
66,add_node,goal_bias,35,68,True,False,,best_parent=0,0.42134629801369444,"[0.0, 0.0, 0.0, 0.0, 0.0, 0.0, 0.0, 0.0]","[2.124348, -0.545303, -0.328911, -0.218768, -0.628648, 0.261581, -0.678489, 0.371487]","[2.053633, -1.0, 0.352362, -0.635075, -1.315819, 0.380094, -1.570809, 1.218425]"
67,add_node,random,48,69,True,False,,best_parent=0,0.42519626938644295,"[0.0, 0.0, 0.0, 0.0, 0.0, 0.0, 0.0, 0.0]","[1.985082, -0.011181, 0.88419, 0.323563, 1.095306, 0.919831, -0.581593, 1.169727]","[4.009067, 0.25668, 0.45876, -1.145222, 1.032625, 1.455436, -1.785187, 2.028317]"
68,add_node,random,40,70,True,False,,best_parent=0,0.5961608771027781,"[0.0, 0.0, 0.0, 0.0, 0.0, 0.0, 0.0, 0.0]","[3.739908, 0.095757, 1.195823, 1.04873, 0.94424, 0.703838, 0.581047, -0.912805]","[7.362615, -0.6662, 1.582873, 1.350947, 0.939857, 1.731367, -0.370971, -2.934116]"
69,add_node,random,27,71,True,False,,best_parent=0,0.32364116589584063,"[0.0, 0.0, 0.0, 0.0, 0.0, 0.0, 0.0, 0.0]","[1.649777, 0.17375, -0.623121, 0.596808, 0.632767, -0.134838, 0.77392, 0.592733]","[1.739661, 0.762641, -1.653707, 2.265067, 2.545381, 0.876592, 2.396158, 2.118213]"
70,add_node,goal_bias,67,72,True,False,,best_parent=0,0.47574439129212953,"[0.0, 0.0, 0.0, 0.0, 0.0, 0.0, 0.0, 0.0]","[2.107923, -0.650912, -0.170677, -0.315461, -0.788252, 0.289107, -0.885742, 0.5682]","[2.053633, -1.0, 0.352362, -0.635075, -1.315819, 0.380094, -1.570809, 1.218425]"
71,add_node,random,57,73,True,False,,best_parent=0,0.4076555363471811,"[0.0, 0.0, 0.0, 0.0, 0.0, 0.0, 0.0, 0.0]","[2.020186, -0.251953, -0.018676, -0.811131, -0.965381, -0.016162, -1.066419, -0.788271]","[3.747548, -0.46914, 1.984065, -2.057675, -1.615539, 1.116583, -1.789907, -2.377486]"
72,add_node,random,40,74,True,False,,best_parent=0,0.5390398037227437,"[0.0, 0.0, 0.0, 0.0, 0.0, 0.0, 0.0, 0.0]","[3.200983, 0.140286, 1.278691, 1.016052, 0.849091, 0.188215, 0.819825, -0.833396]","[2.202652, -0.158551, 2.210367, 1.023563, 0.142025, -2.776907, 1.800445, -1.912371]"
73,add_node,random,72,75,True,False,,best_parent=0,0.42460335002773014,"[0.0, 0.0, 0.0, 0.0, 0.0, 0.0, 0.0, 0.0]","[2.199979, -0.248593, 0.216073, -0.690536, -0.719967, 0.067317, -1.093801, -1.095306]","[3.089333, -0.231973, 1.377266, -0.094005, 0.493983, 0.480246, -1.229245, -2.614072]"
74,add_node,goal_bias,71,76,True,False,,best_parent=0,0.536593653374686,"[0.0, 0.0, 0.0, 0.0, 0.0, 0.0, 0.0, 0.0]","[2.091499, -0.756522, -0.012442, -0.412153, -0.947857, 0.316633, -1.092995, 0.764912]","[2.053633, -1.0, 0.352362, -0.635075, -1.315819, 0.380094, -1.570809, 1.218425]"
75,add_node,random,69,77,True,False,,best_parent=0,0.6159045381662056,"[0.0, 0.0, 0.0, 0.0, 0.0, 0.0, 0.0, 0.0]","[3.999584, -0.000961, 1.200729, 1.074675, 0.691226, 0.581594, 0.775727, -0.915057]","[6.34917, -0.876088, 1.245114, 1.309431, -1.59809, -0.524485, 2.537225, -0.935433]"
76,add_node,random,70,78,True,False,,best_parent=0,0.3465621886830161,"[0.0, 0.0, 0.0, 0.0, 0.0, 0.0, 0.0, 0.0]","[1.744907, 0.151841, -0.606467, 0.328041, 0.560725, -0.023288, 1.153152, 0.682125]","[2.238668, 0.038126, -0.520027, -1.066968, 0.186799, 0.555707, 3.121522, 1.146109]"
77,add_node,random,68,79,True,False,,best_parent=0,0.4333717380492466,"[0.0, 0.0, 0.0, 0.0, 0.0, 0.0, 0.0, 0.0]","[2.136741, 0.072313, 1.023746, 0.027836, 1.013996, 0.848913, -0.766456, 1.041695]","[3.206604, 0.661312, 2.00823, -2.058334, 0.440409, 0.348635, -2.070548, 0.138507]"
78,add_node,random,50,80,True,False,,best_parent=0,0.5689923044076401,"[0.0, 0.0, 0.0, 0.0, 0.0, 0.0, 0.0, 0.0]","[3.453557, 0.086106, 0.852016, 1.478259, -0.825884, 1.194515, -0.084098, -0.361892]","[4.815044, -0.651931, -0.821958, 2.666778, -1.331476, 2.376053, -0.572646, 0.302347]"
79,add_node,random,52,81,True,False,,best_parent=0,0.4624034965904808,"[0.0, 0.0, 0.0, 0.0, 0.0, 0.0, 0.0, 0.0]","[3.020116, 0.196926, -0.667157, 0.495716, 0.701928, -0.857495, -0.569924, -0.206773]","[4.182805, 0.400681, -1.806778, 2.857223, 0.970753, -2.338137, -2.058411, -2.542792]"
80,add_node,random,75,82,True,False,,best_parent=0,0.5769916482048388,"[0.0, 0.0, 0.0, 0.0, 0.0, 0.0, 0.0, 0.0]","[2.441754, -0.7675, 0.222368, -0.372915, -1.05416, 0.458766, -0.984699, 1.036551]","[4.860706, -0.843323, 1.84403, -0.101928, -1.788322, 1.440375, -0.23678, 2.912566]"
81,add_node,random,59,83,True,False,,best_parent=0,0.5954307820785025,"[0.0, 0.0, 0.0, 0.0, 0.0, 0.0, 0.0, 0.0]","[3.770874, -0.493615, -1.203272, -0.248539, 0.851825, 0.23891, 0.263974, 0.482093]","[5.438673, -0.582263, -2.402846, -0.603526, 1.339842, 0.056881, 1.292121, 1.850616]"
82,add_node,random,76,84,True,False,,best_parent=0,0.6380277645027431,"[0.0, 0.0, 0.0, 0.0, 0.0, 0.0, 0.0, 0.0]","[4.262873, -0.086378, 1.341046, 0.923179, 0.721542, 0.323185, 0.613523, -0.919494]","[6.483886, -0.806926, 2.524713, -0.354792, 0.977281, -1.856664, -0.754772, -0.956919]"
83,add_node,random,66,85,True,False,,best_parent=0,0.487345575219654,"[0.0, 0.0, 0.0, 0.0, 0.0, 0.0, 0.0, 0.0]","[2.00051, -0.039937, 1.440744, -0.41905, 0.158037, 1.79414, 0.725603, 0.894637]","[2.901188, 0.446615, 2.803836, -3.09991, -0.410298, 2.977008, 2.51935, 0.00334]"
84,add_node,goal_bias,81,86,True,False,,best_parent=0,0.6272430410038274,"[0.0, 0.0, 0.0, 0.0, 0.0, 0.0, 0.0, 0.0]","[2.261101, -0.875719, 0.282874, -0.494939, -1.175951, 0.422148, -1.257507, 1.121206]","[2.053633, -1.0, 0.352362, -0.635075, -1.315819, 0.380094, -1.570809, 1.218425]"
85,add_node,random,79,87,True,False,,best_parent=0,0.6000104547878394,"[0.0, 0.0, 0.0, 0.0, 0.0, 0.0, 0.0, 0.0]","[3.820301, 0.069779, 0.958312, 1.202653, -0.935612, 1.269181, -0.22478, -0.161596]","[6.965623, -0.070244, 1.869941, -1.161046, -1.876674, 1.909543, -1.431324, 1.556209]"
86,add_node,random,66,88,True,False,,best_parent=0,0.4864031872350659,"[0.0, 0.0, 0.0, 0.0, 0.0, 0.0, 0.0, 0.0]","[2.198162, -0.084146, 1.207067, -0.245687, 0.200412, 1.712346, 0.232847, 1.289789]","[3.110007, -0.042306, 0.996417, -0.685878, 0.12388, 1.890741, -0.597405, 2.151062]"
87,add_node,random,39,89,True,False,,best_parent=0,0.4547908961003357,"[0.0, 0.0, 0.0, 0.0, 0.0, 0.0, 0.0, 0.0]","[2.829481, -0.368511, -0.845762, -0.443688, -0.337435, 0.765875, -0.264332, -0.276882]","[3.641247, -0.296152, -1.874444, -1.525692, -2.214635, 1.696786, -0.234307, 0.072557]"
88,add_node,random,64,90,True,False,,best_parent=0,0.5459146130006745,"[0.0, 0.0, 0.0, 0.0, 0.0, 0.0, 0.0, 0.0]","[3.244295, -0.338266, -1.224356, -0.938695, 0.828155, 0.914112, 0.166754, -0.211269]","[2.076868, 0.012845, -1.838528, -2.908874, 2.438592, 2.984518, -1.685949, -2.197782]"
89,add_node,random,77,91,True,False,,best_parent=0,0.3652401065331477,"[0.0, 0.0, 0.0, 0.0, 0.0, 0.0, 0.0, 0.0]","[1.917411, 0.158677, -0.602524, 0.026489, 0.237157, 0.030101, 1.339136, 0.689514]","[3.347587, 0.215349, -0.569831, -2.473584, -2.445437, 0.472727, 2.881064, 0.750769]"
90,add_node,random,83,92,True,False,,best_parent=0,0.6679866283734303,"[0.0, 0.0, 0.0, 0.0, 0.0, 0.0, 0.0, 0.0]","[4.496819, -0.108231, 1.397073, 0.838989, 0.849738, 0.111632, 0.288407, -1.109217]","[6.110072, -0.258928, 1.783427, 0.25843, 1.733751, -1.347195, -1.95353, -2.417513]"
91,add_node,random,62,93,True,False,,best_parent=0,0.4142427755871048,"[0.0, 0.0, 0.0, 0.0, 0.0, 0.0, 0.0, 0.0]","[2.278552, 0.21582, -0.05002, -0.114146, 1.063204, -1.334921, -0.108824, -0.296072]","[1.721487, 0.416904, -0.12766, -0.435992, -0.222902, -2.706579, 1.293753, -1.884228]"
92,add_node,random,45,94,True,False,,best_parent=0,0.5262570392370045,"[0.0, 0.0, 0.0, 0.0, 0.0, 0.0, 0.0, 0.0]","[2.880474, 0.339467, 0.998275, 1.419397, -0.628667, 0.849696, -0.4485, -0.461919]","[2.266342, 0.968401, 1.69096, 2.835299, -1.530025, 0.481476, -2.458405, -1.338056]"
93,add_node,random,86,95,True,False,,best_parent=0,0.6086773042840626,"[0.0, 0.0, 0.0, 0.0, 0.0, 0.0, 0.0, 0.0]","[4.015029, 0.055483, 0.729129, 1.104674, -1.156256, 1.113918, -0.211533, 0.140626]","[5.292415, -0.038294, -0.774281, 0.461946, -2.60365, 0.095415, -0.124634, 2.123167]"
94,add_node,random,28,96,True,False,,best_parent=0,0.20864932204181091,"[0.0, 0.0, 0.0, 0.0, 0.0, 0.0, 0.0, 0.0]","[0.892073, -0.005462, 0.016887, 0.190818, -0.814807, -0.555789, 0.276171, -0.357739]","[0.349148, 0.560157, 1.16873, 0.292786, -1.801453, -0.875969, 1.10884, 0.033091]"
95,add_node,random,1,97,True,False,,best_parent=0,0.1491231291875718,"[0.0, 0.0, 0.0, 0.0, 0.0, 0.0, 0.0, 0.0]","[0.226793, 0.111569, -0.505252, 0.252977, -0.353708, 0.478547, -0.11298, 0.188758]","[0.413654, 0.342147, -3.103728, 1.655096, -2.722063, 2.929373, -0.286074, 0.260848]"
96,add_node,random,94,98,True,False,,best_parent=0,0.6549493889951384,"[0.0, 0.0, 0.0, 0.0, 0.0, 0.0, 0.0, 0.0]","[4.395696, -0.051472, 0.894382, 1.191842, -1.128496, 1.037057, -0.2767, 0.187697]","[7.519266, -0.929092, 2.250369, 1.907099, -0.900713, 0.406376, -0.811423, 0.573933]"
97,add_node,goal_bias,85,99,True,False,,best_parent=0,0.6831898000389948,"[0.0, 0.0, 0.0, 0.0, 0.0, 0.0, 0.0, 0.0]","[2.080448, -0.983937, 0.34338, -0.616962, -1.297741, 0.385529, -1.530315, 1.20586]","[2.053633, -1.0, 0.352362, -0.635075, -1.315819, 0.380094, -1.570809, 1.218425]"
98,add_node,random,53,100,True,False,,best_parent=0,0.484405419794689,"[0.0, 0.0, 0.0, 0.0, 0.0, 0.0, 0.0, 0.0]","[2.969929, 0.254636, -0.450738, -0.11325, 1.167998, -1.140591, -0.266269, 0.298237]","[6.394596, 0.449457, -1.673156, -1.888682, 1.742507, -2.512741, -0.530483, 1.073694]"
99,add_node,random,73,101,True,False,,best_parent=0,0.5398355119292982,"[0.0, 0.0, 0.0, 0.0, 0.0, 0.0, 0.0, 0.0]","[3.032283, 0.107451, 1.444924, 0.820843, 0.989919, -0.042509, 1.105747, -0.776532]","[2.154128, -0.063472, 2.31024, -0.195301, 1.722991, -1.243526, 2.59409, -0.480536]"
100,add_node,random,96,102,True,False,,best_parent=0,0.21241596002950727,"[0.0, 0.0, 0.0, 0.0, 0.0, 0.0, 0.0, 0.0]","[0.429873, 0.201174, -0.760017, 0.175268, -0.469813, 0.563321, -0.32912, 0.094662]","[1.820878, 0.814925, -2.505042, -0.357007, -1.265084, 1.143989, -1.809579, -0.549853]"
101,add_node,random,76,103,True,False,,best_parent=0,0.6537183462497911,"[0.0, 0.0, 0.0, 0.0, 0.0, 0.0, 0.0, 0.0]","[4.372814, -0.008525, 0.916387, 1.171445, 0.800535, 0.466094, 0.98642, -0.852452]","[7.085348, -0.063498, -1.150131, 1.874745, 1.594963, -0.373327, 2.517679, -0.397457]"
102,add_node,goal_bias,98,104,True,False,,best_parent=0,0.6918971128396786,"[0.0, 0.0, 0.0, 0.0, 0.0, 0.0, 0.0, 0.0]","[2.053633, -1.0, 0.352362, -0.635075, -1.315819, 0.380094, -1.570809, 1.218425]","[2.053633, -1.0, 0.352362, -0.635075, -1.315819, 0.380094, -1.570809, 1.218425]"
103,add_node,random,70,105,True,False,,best_parent=0,0.3593454324449871,"[0.0, 0.0, 0.0, 0.0, 0.0, 0.0, 0.0, 0.0]","[1.480605, 0.27346, -0.783131, 0.805983, 0.577051, -0.201376, 1.014254, 0.552166]","[0.596084, 0.794795, -1.619745, 1.899659, 0.285743, -0.549266, 2.270844, 0.340065]"
104,add_node,random,101,106,True,False,,best_parent=0,0.2581098441432073,"[0.0, 0.0, 0.0, 0.0, 0.0, 0.0, 0.0, 0.0]","[0.466865, 0.219202, -0.956656, 0.424863, -0.318819, 0.752984, -0.473449, -0.165664]","[0.857686, 0.409661, -3.034131, 3.061813, 1.276415, 2.756755, -1.998269, -2.915977]"
105,add_node,random,105,107,True,False,,best_parent=0,0.28518319046873475,"[0.0, 0.0, 0.0, 0.0, 0.0, 0.0, 0.0, 0.0]","[0.389086, 0.157885, -1.304621, 0.434218, -0.323708, 0.832751, -0.244215, -0.342898]","[0.079758, -0.085974, -2.688489, 0.471422, -0.343149, 1.149984, 0.667459, -1.047764]"
106,add_node,random,99,108,True,False,,best_parent=0,0.5393995962633295,"[0.0, 0.0, 0.0, 0.0, 0.0, 0.0, 0.0, 0.0]","[3.337866, 0.305875, -0.782575, -0.205511, 1.085145, -1.241554, -0.291723, 0.230147]","[5.923321, 0.665929, -3.114361, -0.853815, 0.502946, -1.951015, -0.470584, -0.248315]"
107,add_node,random,102,109,True,False,,best_parent=0,0.6875319254793274,"[0.0, 0.0, 0.0, 0.0, 0.0, 0.0, 0.0, 0.0]","[4.583878, 0.008125, 0.828718, 1.316577, 0.98842, 0.286172, 1.234638, -0.600486]","[5.883483, 0.110646, 0.288905, 2.210214, 2.145305, -0.821681, 2.763016, 0.950976]"
108,add_node,random,60,110,True,False,,best_parent=0,0.6106767491695319,"[0.0, 0.0, 0.0, 0.0, 0.0, 0.0, 0.0, 0.0]","[3.954831, -0.538737, -1.108578, 0.260022, 0.775002, -0.176429, 0.165054, -0.081825]","[6.535124, -0.912695, -2.977841, 2.212462, -0.516603, -2.498197, 3.139553, -1.871555]"
109,add_node,random,47,111,True,False,,best_parent=0,0.46671311620076916,"[0.0, 0.0, 0.0, 0.0, 0.0, 0.0, 0.0, 0.0]","[2.519706, -0.455503, -0.870844, -1.018002, 0.57401, 0.485139, -0.087435, 0.406925]","[0.866736, -0.562338, -0.483774, -3.025401, 0.917073, 0.855513, 0.351479, 1.425978]"
110,add_node,random,91,112,True,False,,best_parent=0,0.6402975748786297,"[0.0, 0.0, 0.0, 0.0, 0.0, 0.0, 0.0, 0.0]","[4.214713, -0.145798, 1.345491, 0.673721, 0.820173, -0.15889, 0.09735, -1.327544]","[3.208096, -0.279844, 1.161432, 0.084008, 0.71468, -1.124171, -0.584384, -2.106583]"
111,add_node,random,108,113,True,False,,best_parent=0,0.7127848116005051,"[0.0, 0.0, 0.0, 0.0, 0.0, 0.0, 0.0, 0.0]","[4.763551, 0.077557, 0.654266, 1.482685, 0.799316, 0.070933, 1.438376, -0.547092]","[6.152325, 0.614232, -0.694149, 2.766603, -0.662355, -1.592746, 3.013159, -0.13439]"
112,add_node,random,58,114,True,False,,best_parent=0,0.509517816561459,"[0.0, 0.0, 0.0, 0.0, 0.0, 0.0, 0.0, 0.0]","[1.473474, -0.075365, 1.259522, 1.0096, 1.661793, 0.924665, -0.608027, 1.489499]","[0.022477, 0.230066, 1.863159, 0.906172, 3.139948, 1.053396, -1.07295, 2.305972]"
113,add_node,goal_bias,103,115,True,False,,best_parent=103,0.6918971128396786,"[2.053633, -1.0, 0.352362, -0.635075, -1.315819, 0.380094, -1.570809, 1.218425]","[2.053633, -1.0, 0.352362, -0.635075, -1.315819, 0.380094, -1.570809, 1.218425]","[2.053633, -1.0, 0.352362, -0.635075, -1.315819, 0.380094, -1.570809, 1.218425]"
114,add_node,random,92,116,True,False,,best_parent=0,0.40791351655074615,"[0.0, 0.0, 0.0, 0.0, 0.0, 0.0, 0.0, 0.0]","[1.940565, 0.20452, 0.092994, -0.281056, 1.200523, -1.353163, -0.319236, -0.555271]","[0.200058, 0.146334, 0.829463, -1.140581, 1.907663, -1.447101, -1.40278, -1.89005]"
115,add_node,random,72,117,True,False,,best_parent=0,0.42588000150766747,"[0.0, 0.0, 0.0, 0.0, 0.0, 0.0, 0.0, 0.0]","[2.185243, -0.231819, 0.157962, -1.100161, -0.963345, -0.197071, -1.074432, -0.499035]","[2.699572, -0.169081, 0.708372, -2.000792, -0.957001, -0.760793, -1.099399, 0.40224]"
116,add_node,goal_bias,103,118,True,False,,best_parent=103,0.6918971128396786,"[2.053633, -1.0, 0.352362, -0.635075, -1.315819, 0.380094, -1.570809, 1.218425]","[2.053633, -1.0, 0.352362, -0.635075, -1.315819, 0.380094, -1.570809, 1.218425]","[2.053633, -1.0, 0.352362, -0.635075, -1.315819, 0.380094, -1.570809, 1.218425]"
117,add_node,random,91,119,True,False,,best_parent=0,0.6949107502151677,"[0.0, 0.0, 0.0, 0.0, 0.0, 0.0, 0.0, 0.0]","[4.757934, -0.16078, 1.552678, 0.678669, 0.515093, 0.058189, 0.417192, -1.081824]","[6.832351, -0.578251, 2.788874, -0.594979, -2.14348, -0.366389, 1.440319, -0.864201]"
118,add_node,random,111,120,True,False,,best_parent=0,0.6425244797900078,"[0.0, 0.0, 0.0, 0.0, 0.0, 0.0, 0.0, 0.0]","[4.165328, -0.239304, 1.482677, 0.331723, 0.927262, -0.110396, -0.000952, -1.254112]","[3.951419, -0.644326, 2.076896, -1.149636, 1.391118, 0.099656, -0.426748, -0.93604]"
119,add_node,random,61,121,True,False,,best_parent=0,0.5060459558203333,"[0.0, 0.0, 0.0, 0.0, 0.0, 0.0, 0.0, 0.0]","[2.71146, 0.342424, 1.039343, 0.684969, -0.718263, 0.988712, 0.547873, -0.976962]","[3.836461, 0.924579, 1.117972, -0.168832, -1.383991, 0.746887, 3.120535, -2.754857]"
120,choose_parent,random,38,121,False,True,"[[""dda_link3_0"", ""dda_link_end_0""]]",parent_edge_collision,,"[2.913829, 0.269733, 1.067113, 0.855451, 0.894815, 0.690021, 0.654918, -0.810567]","[1.967271, -0.027777, 1.509161, -0.767707, 0.328915, 1.878932, 1.020465, 0.868667]","[1.780276, 0.040629, 1.89407, -2.72921, 1.290257, 2.35596, 2.679323, 0.722567]"
120,choose_parent,random,40,121,False,True,"[[""dda_link3_0"", ""dda_link_end_0""]]",parent_edge_collision,,"[3.336018, 0.180707, 1.152672, 1.015036, 0.944729, 0.58928, 0.687186, -0.687453]","[1.967271, -0.027777, 1.509161, -0.767707, 0.328915, 1.878932, 1.020465, 0.868667]","[1.780276, 0.040629, 1.89407, -2.72921, 1.290257, 2.35596, 2.679323, 0.722567]"
120,choose_parent,random,69,121,False,True,"[[""dda_link3_0"", ""dda_link_end_0""]]",parent_edge_collision,,"[3.739908, 0.095757, 1.195823, 1.04873, 0.94424, 0.703838, 0.581047, -0.912805]","[1.967271, -0.027777, 1.509161, -0.767707, 0.328915, 1.878932, 1.020465, 0.868667]","[1.780276, 0.040629, 1.89407, -2.72921, 1.290257, 2.35596, 2.679323, 0.722567]"
120,choose_parent,random,73,121,False,True,"[[""dda_link3_0"", ""dda_link_end_0""]]",parent_edge_collision,,"[3.200983, 0.140286, 1.278691, 1.016052, 0.849091, 0.188215, 0.819825, -0.833396]","[1.967271, -0.027777, 1.509161, -0.767707, 0.328915, 1.878932, 1.020465, 0.868667]","[1.780276, 0.040629, 1.89407, -2.72921, 1.290257, 2.35596, 2.679323, 0.722567]"
120,choose_parent,random,76,121,False,True,"[[""dda_link3_0"", ""dda_link_end_0""]]",parent_edge_collision,,"[3.999584, -0.000961, 1.200729, 1.074675, 0.691226, 0.581594, 0.775727, -0.915057]","[1.967271, -0.027777, 1.509161, -0.767707, 0.328915, 1.878932, 1.020465, 0.868667]","[1.780276, 0.040629, 1.89407, -2.72921, 1.290257, 2.35596, 2.679323, 0.722567]"
120,choose_parent,random,77,121,False,True,"[[""dda_link3_0"", ""dda_link_end_0""]]",parent_edge_collision,,"[1.744907, 0.151841, -0.606467, 0.328041, 0.560725, -0.023288, 1.153152, 0.682125]","[1.967271, -0.027777, 1.509161, -0.767707, 0.328915, 1.878932, 1.020465, 0.868667]","[1.780276, 0.040629, 1.89407, -2.72921, 1.290257, 2.35596, 2.679323, 0.722567]"
120,choose_parent,random,83,121,False,True,"[[""dda_link3_0"", ""dda_link_end_0""]]",parent_edge_collision,,"[4.262873, -0.086378, 1.341046, 0.923179, 0.721542, 0.323185, 0.613523, -0.919494]","[1.967271, -0.027777, 1.509161, -0.767707, 0.328915, 1.878932, 1.020465, 0.868667]","[1.780276, 0.040629, 1.89407, -2.72921, 1.290257, 2.35596, 2.679323, 0.722567]"
120,choose_parent,random,90,121,False,True,"[[""dda_link3_0"", ""dda_link_end_0""]]",parent_edge_collision,,"[1.917411, 0.158677, -0.602524, 0.026489, 0.237157, 0.030101, 1.339136, 0.689514]","[1.967271, -0.027777, 1.509161, -0.767707, 0.328915, 1.878932, 1.020465, 0.868667]","[1.780276, 0.040629, 1.89407, -2.72921, 1.290257, 2.35596, 2.679323, 0.722567]"
120,choose_parent,random,100,121,False,True,"[[""dda_link3_0"", ""dda_link_end_0""]]",parent_edge_collision,,"[3.032283, 0.107451, 1.444924, 0.820843, 0.989919, -0.042509, 1.105747, -0.776532]","[1.967271, -0.027777, 1.509161, -0.767707, 0.328915, 1.878932, 1.020465, 0.868667]","[1.780276, 0.040629, 1.89407, -2.72921, 1.290257, 2.35596, 2.679323, 0.722567]"
120,choose_parent,random,102,121,False,True,"[[""dda_link3_0"", ""dda_link_end_0""]]",parent_edge_collision,,"[4.372814, -0.008525, 0.916387, 1.171445, 0.800535, 0.466094, 0.98642, -0.852452]","[1.967271, -0.027777, 1.509161, -0.767707, 0.328915, 1.878932, 1.020465, 0.868667]","[1.780276, 0.040629, 1.89407, -2.72921, 1.290257, 2.35596, 2.679323, 0.722567]"
120,choose_parent,random,104,121,False,True,"[[""dda_link3_0"", ""dda_link_end_0""]]",parent_edge_collision,,"[1.480605, 0.27346, -0.783131, 0.805983, 0.577051, -0.201376, 1.014254, 0.552166]","[1.967271, -0.027777, 1.509161, -0.767707, 0.328915, 1.878932, 1.020465, 0.868667]","[1.780276, 0.040629, 1.89407, -2.72921, 1.290257, 2.35596, 2.679323, 0.722567]"
120,choose_parent,random,108,121,False,True,"[[""dda_link3_0"", ""dda_link_end_0""]]",parent_edge_collision,,"[4.583878, 0.008125, 0.828718, 1.316577, 0.98842, 0.286172, 1.234638, -0.600486]","[1.967271, -0.027777, 1.509161, -0.767707, 0.328915, 1.878932, 1.020465, 0.868667]","[1.780276, 0.040629, 1.89407, -2.72921, 1.290257, 2.35596, 2.679323, 0.722567]"
120,choose_parent,random,112,121,False,True,"[[""dda_link3_0"", ""dda_link_end_0""]]",parent_edge_collision,,"[4.763551, 0.077557, 0.654266, 1.482685, 0.799316, 0.070933, 1.438376, -0.547092]","[1.967271, -0.027777, 1.509161, -0.767707, 0.328915, 1.878932, 1.020465, 0.868667]","[1.780276, 0.040629, 1.89407, -2.72921, 1.290257, 2.35596, 2.679323, 0.722567]"
120,choose_parent,random,120,121,False,True,"[[""dda_link3_0"", ""dda_link_end_0""]]",parent_edge_collision,,"[2.71146, 0.342424, 1.039343, 0.684969, -0.718263, 0.988712, 0.547873, -0.976962]","[1.967271, -0.027777, 1.509161, -0.767707, 0.328915, 1.878932, 1.020465, 0.868667]","[1.780276, 0.040629, 1.89407, -2.72921, 1.290257, 2.35596, 2.679323, 0.722567]"
120,add_node,random,84,122,True,False,,best_parent=0,0.5222030980745507,"[0.0, 0.0, 0.0, 0.0, 0.0, 0.0, 0.0, 0.0]","[1.967271, -0.027777, 1.509161, -0.767707, 0.328915, 1.878932, 1.020465, 0.868667]","[1.780276, 0.040629, 1.89407, -2.72921, 1.290257, 2.35596, 2.679323, 0.722567]"
121,add_node,random,81,123,True,False,,best_parent=0,0.6153159303947291,"[0.0, 0.0, 0.0, 0.0, 0.0, 0.0, 0.0, 0.0]","[2.866838, -0.763715, 0.378545, -0.483568, -0.883779, 0.630226, -0.945533, 1.24022]","[5.774322, -0.737826, 1.44676, -1.240404, 0.281591, 1.802969, -0.677645, 2.633268]"
122,add_node,random,107,124,True,False,,best_parent=0,0.5830170406532871,"[0.0, 0.0, 0.0, 0.0, 0.0, 0.0, 0.0, 0.0]","[3.682582, 0.310022, -0.520257, -0.485286, 1.179107, -1.348587, -0.375747, 0.178039]","[6.80429, 0.347575, 1.855275, -3.018904, 2.030025, -2.317865, -1.136665, -0.293843]"
123,add_node,goal_bias,103,125,True,False,,best_parent=103,0.6918971128396786,"[2.053633, -1.0, 0.352362, -0.635075, -1.315819, 0.380094, -1.570809, 1.218425]","[2.053633, -1.0, 0.352362, -0.635075, -1.315819, 0.380094, -1.570809, 1.218425]","[2.053633, -1.0, 0.352362, -0.635075, -1.315819, 0.380094, -1.570809, 1.218425]"
124,add_node,random,95,126,True,False,,best_parent=0,0.2480712666689855,"[0.0, 0.0, 0.0, 0.0, 0.0, 0.0, 0.0, 0.0]","[0.860491, -0.001816, 0.302276, 0.159598, -0.989285, -0.747287, 0.528267, -0.161382]","[0.645614, 0.022989, 2.243997, -0.052815, -2.176392, -2.050196, 2.243476, 1.174587]"
125,add_node,random,89,127,True,False,,best_parent=0,0.5733981231543482,"[0.0, 0.0, 0.0, 0.0, 0.0, 0.0, 0.0, 0.0]","[3.473133, -0.244435, -1.213776, -1.062492, 0.877608, 1.14306, 0.275484, 0.013194]","[5.356238, 0.527702, -1.126716, -2.081217, 1.284556, 3.027063, 1.170219, 1.860289]"
126,add_node,random,116,128,True,False,,best_parent=0,0.44447611072470583,"[0.0, 0.0, 0.0, 0.0, 0.0, 0.0, 0.0, 0.0]","[2.015581, -0.152176, 0.340812, -1.245203, -1.099298, -0.352513, -1.204083, -0.739345]","[0.457852, 0.57906, 2.019627, -2.576895, -2.347529, -1.779681, -2.394464, -2.945724]"
127,add_node,random,34,129,True,False,,best_parent=0,0.3629756213575121,"[0.0, 0.0, 0.0, 0.0, 0.0, 0.0, 0.0, 0.0]","[2.187086, -0.273939, -0.993004, 0.197278, 0.131081, 0.570828, -0.216248, -0.136726]","[2.152752, -0.099382, -1.531405, 0.761587, 0.514266, 0.979388, -0.10747, 0.407719]"
128,choose_parent,random,121,129,False,True,"[[""dda_link3_0"", ""dda_link_end_0""]]",parent_edge_collision,,"[1.967271, -0.027777, 1.509161, -0.767707, 0.328915, 1.878932, 1.020465, 0.868667]","[2.857364, 0.273829, 1.185653, 0.538986, 0.830255, 0.437788, 0.460384, -0.984897]","[2.663146, 0.287917, 1.593387, -0.549533, 0.608194, -0.429797, -0.208741, -1.584526]"
128,add_node,random,38,130,True,False,,best_parent=0,0.4948591626968161,"[0.0, 0.0, 0.0, 0.0, 0.0, 0.0, 0.0, 0.0]","[2.857364, 0.273829, 1.185653, 0.538986, 0.830255, 0.437788, 0.460384, -0.984897]","[2.663146, 0.287917, 1.593387, -0.549533, 0.608194, -0.429797, -0.208741, -1.584526]"
129,add_node,random,123,131,True,False,,best_parent=0,0.6112473799538005,"[0.0, 0.0, 0.0, 0.0, 0.0, 0.0, 0.0, 0.0]","[3.920686, 0.341873, -0.477458, -0.658577, 1.299378, -1.094856, -0.561519, -0.06967]","[6.656225, 0.707806, 0.014246, -2.649488, 2.681139, 1.820209, -2.695818, -2.915558]"
130,add_node,random,30,132,True,False,,best_parent=0,0.4195100315727052,"[0.0, 0.0, 0.0, 0.0, 0.0, 0.0, 0.0, 0.0]","[2.185807, 0.193723, 1.042566, 1.169287, -0.190117, 0.697586, 0.730004, 0.204119]","[2.671998, 0.118315, 2.524217, 2.343814, -1.242327, -0.448715, 2.163141, 2.239245]"
131,add_node,random,24,133,True,False,,best_parent=0,0.42248289191459243,"[0.0, 0.0, 0.0, 0.0, 0.0, 0.0, 0.0, 0.0]","[2.442956, 0.340032, 0.750161, 0.953145, 0.494869, 0.401812, 0.109493, -0.488404]","[2.760738, 0.451617, 0.239361, 1.106372, 0.524523, -0.026178, -0.315313, -0.695578]"
132,add_node,random,109,134,True,False,,best_parent=0,0.6013086028586893,"[0.0, 0.0, 0.0, 0.0, 0.0, 0.0, 0.0, 0.0]","[3.789032, -0.487418, -1.327315, 0.174998, 0.810776, -0.351366, 0.378642, -0.358395]","[2.732487, -0.160391, -2.721206, -0.366814, 1.038747, -1.466146, 1.739723, -2.120831]"
133,add_node,random,92,135,True,False,,best_parent=0,0.43529991336740037,"[0.0, 0.0, 0.0, 0.0, 0.0, 0.0, 0.0, 0.0]","[2.328299, 0.289337, -0.125427, 0.041826, 0.811723, -1.538318, 0.116144, -0.407043]","[2.694438, 0.830432, -0.680429, 1.189786, -1.039186, -3.035324, 1.771916, -1.223795]"
134,add_node,random,78,136,True,False,,best_parent=0,0.48616979087163215,"[0.0, 0.0, 0.0, 0.0, 0.0, 0.0, 0.0, 0.0]","[2.474042, 0.149494, 1.183881, -0.127231, 0.900296, 0.995179, -0.96077, 1.044827]","[5.906247, 0.934844, 2.813331, -1.705112, -0.25666, 2.483505, -2.938017, 1.076696]"
135,add_node,random,106,137,True,False,,best_parent=0,0.31746772498745796,"[0.0, 0.0, 0.0, 0.0, 0.0, 0.0, 0.0, 0.0]","[0.360079, 0.229387, -1.443259, 0.617312, -0.364233, 0.556146, -0.358456, -0.582728]","[0.189127, 0.650771, -2.260293, 1.696333, -0.603061, -1.073961, -1.031709, -1.996116]"
136,add_node,random,97,138,True,False,,best_parent=0,0.6965176335562853,"[0.0, 0.0, 0.0, 0.0, 0.0, 0.0, 0.0, 0.0]","[4.646297, -0.160703, 0.884191, 1.061812, -1.285635, 1.251662, -0.309517, 0.108672]","[6.353518, -0.904841, 0.81476, 0.17598, -2.356148, 2.713656, -0.53309, -0.429685]"
137,add_node,random,126,139,True,False,,best_parent=0,0.6216214311427868,"[0.0, 0.0, 0.0, 0.0, 0.0, 0.0, 0.0, 0.0]","[3.52147, -0.340346, -1.320759, -1.326325, 1.115459, 1.186522, 0.284366, 0.156849]","[3.775645, -0.844691, -1.883327, -2.71368, 2.366191, 1.415062, 0.331071, 0.912257]"
138,choose_parent,random,121,139,False,True,"[[""dda_link3_0"", ""dda_link_end_0""]]",parent_edge_collision,,"[1.967271, -0.027777, 1.509161, -0.767707, 0.328915, 1.878932, 1.020465, 0.868667]","[3.159269, 0.3886, 1.143461, 0.774537, -0.822688, 1.134114, 0.770265, -1.042485]","[7.301223, 0.815698, 2.106491, 1.602978, -1.788557, 2.478993, 2.827253, -1.648535]"
138,add_node,random,120,140,True,False,,best_parent=0,0.5817366987101595,"[0.0, 0.0, 0.0, 0.0, 0.0, 0.0, 0.0, 0.0]","[3.159269, 0.3886, 1.143461, 0.774537, -0.822688, 1.134114, 0.770265, -1.042485]","[7.301223, 0.815698, 2.106491, 1.602978, -1.788557, 2.478993, 2.827253, -1.648535]"
139,extend,random,113,140,False,True,"[[""dda_link_carriage_0"", ""dda_link_end_0""]]",extend_edge_collision,,"[1.473474, -0.075365, 1.259522, 1.0096, 1.661793, 0.924665, -0.608027, 1.489499]","[1.617334, -0.155966, 1.400158, 1.174514, 1.879772, 1.106966, -0.391269, 1.465703]","[2.346711, -0.564614, 2.113191, 2.010634, 2.984935, 2.031237, 0.707704, 1.345057]"
140,add_node,random,125,141,True,False,,best_parent=0,0.3107364650446102,"[0.0, 0.0, 0.0, 0.0, 0.0, 0.0, 0.0, 0.0]","[1.21034, -0.05999, 0.464508, 0.0234, -1.221946, -0.752764, 0.734127, -0.178303]","[4.082689, -0.537614, 1.796475, -1.094818, -3.132156, -0.797728, 2.42429, -0.317233]"
141,choose_parent,random,121,141,False,True,"[[""dda_link3_0"", ""dda_link_end_0""]]",parent_edge_collision,,"[1.967271, -0.027777, 1.509161, -0.767707, 0.328915, 1.878932, 1.020465, 0.868667]","[5.046393, 0.111502, 0.371297, 1.450496, 0.864269, 0.05911, 1.487991, -0.226837]","[7.420472, 0.396422, -2.003856, 1.180309, 1.409464, -0.040126, 1.904444, 2.461283]"
141,add_node,random,112,142,True,False,,best_parent=0,0.7378824077879246,"[0.0, 0.0, 0.0, 0.0, 0.0, 0.0, 0.0, 0.0]","[5.046393, 0.111502, 0.371297, 1.450496, 0.864269, 0.05911, 1.487991, -0.226837]","[7.420472, 0.396422, -2.003856, 1.180309, 1.409464, -0.040126, 1.904444, 2.461283]"
142,add_node,random,122,143,True,False,,best_parent=0,0.6340471309073837,"[0.0, 0.0, 0.0, 0.0, 0.0, 0.0, 0.0, 0.0]","[3.313532, -0.71016, 0.563364, -0.658147, -0.722732, 0.547197, -0.944633, 1.216366]","[5.733734, -0.419998, 1.564719, -1.604027, 0.149827, 0.097342, -0.939758, 1.087121]"
143,choose_parent,random,121,143,False,True,"[[""dda_link3_0"", ""dda_link_end_0""]]",parent_edge_collision,,"[1.967271, -0.027777, 1.509161, -0.767707, 0.328915, 1.878932, 1.020465, 0.868667]","[5.033325, -0.202536, 1.600136, 0.369645, 0.260086, 0.031679, 0.39586, -1.23465]","[7.570846, -0.587281, 2.037424, -2.477786, -2.089609, -0.212595, 0.199299, -2.642832]"
143,add_node,random,118,144,True,False,,best_parent=0,0.7272841496414408,"[0.0, 0.0, 0.0, 0.0, 0.0, 0.0, 0.0, 0.0]","[5.033325, -0.202536, 1.600136, 0.369645, 0.260086, 0.031679, 0.39586, -1.23465]","[7.570846, -0.587281, 2.037424, -2.477786, -2.089609, -0.212595, 0.199299, -2.642832]"
144,add_node,random,140,145,True,False,,best_parent=0,0.34309696889261204,"[0.0, 0.0, 0.0, 0.0, 0.0, 0.0, 0.0, 0.0]","[1.021359, -0.046918, 0.643303, -0.107829, -1.535168, -0.839193, 0.567221, -0.391677]","[0.194747, 0.010263, 1.425359, -0.681833, -2.905217, -1.217238, -0.162836, -1.324984]"
145,add_node,random,144,146,True,False,,best_parent=0,0.39759674851715093,"[0.0, 0.0, 0.0, 0.0, 0.0, 0.0, 0.0, 0.0]","[1.402316, -0.044562, 0.813025, -0.30832, -1.657427, -1.0006, 0.658329, -0.185913]","[5.565251, -0.018819, 2.667686, -2.499197, -2.99342, -2.764389, 1.653919, 2.062587]"
146,add_node,random,89,147,True,False,,best_parent=0,0.5427444856989343,"[0.0, 0.0, 0.0, 0.0, 0.0, 0.0, 0.0, 0.0]","[3.024158, -0.32732, -1.040694, -1.031009, 1.079313, 1.136875, 0.020796, -0.42184]","[1.448902, -0.248993, 0.273557, -1.691588, 2.876552, 2.730917, -1.023653, -1.928647]"
147,choose_parent,random,121,147,False,True,"[[""dda_link3_0"", ""dda_link_end_0""]]",parent_edge_collision,,"[1.967271, -0.027777, 1.509161, -0.767707, 0.328915, 1.878932, 1.020465, 0.868667]","[3.585487, 0.446602, 1.269642, 0.938382, -0.740246, 1.168435, 0.648127, -1.239409]","[7.465445, 0.974612, 2.418297, 2.429904, 0.010249, 1.48087, -0.463728, -3.032058]"
147,add_node,random,139,148,True,False,,best_parent=0,0.645883435860734,"[0.0, 0.0, 0.0, 0.0, 0.0, 0.0, 0.0, 0.0]","[3.585487, 0.446602, 1.269642, 0.938382, -0.740246, 1.168435, 0.648127, -1.239409]","[7.465445, 0.974612, 2.418297, 2.429904, 0.010249, 1.48087, -0.463728, -3.032058]"
148,add_node,random,109,149,True,False,,best_parent=0,0.6855188653745982,"[0.0, 0.0, 0.0, 0.0, 0.0, 0.0, 0.0, 0.0]","[4.471906, -0.595352, -1.234068, 0.418493, 0.763986, -0.206702, 0.227368, -0.159712]","[7.63232, -0.941388, -2.001077, 1.387079, 0.696658, -0.391733, 0.608235, -0.635765]"
149,choose_parent,random,121,149,False,True,"[[""dda_link3_0"", ""dda_link_end_0""]]",parent_edge_collision,,"[1.967271, -0.027777, 1.509161, -0.767707, 0.328915, 1.878932, 1.020465, 0.868667]","[5.372804, -0.135517, 1.365301, 0.296419, 0.106024, 0.192602, 0.530023, -1.319227]","[7.237033, 0.232514, 0.075722, -0.1057, -0.740001, 1.076302, 1.266769, -1.783675]"
149,add_node,random,143,150,True,False,,best_parent=0,0.7543869464470758,"[0.0, 0.0, 0.0, 0.0, 0.0, 0.0, 0.0, 0.0]","[5.372804, -0.135517, 1.365301, 0.296419, 0.106024, 0.192602, 0.530023, -1.319227]","[7.237033, 0.232514, 0.075722, -0.1057, -0.740001, 1.076302, 1.266769, -1.783675]"
150,add_node,random,74,151,True,False,,best_parent=0,0.4414122514716575,"[0.0, 0.0, 0.0, 0.0, 0.0, 0.0, 0.0, 0.0]","[2.048524, -0.260234, 0.405901, -0.37426, -0.92001, 0.061005, -1.290704, -1.242552]","[1.402127, -0.309916, 1.216076, 0.975584, -1.773776, 0.034065, -2.131075, -1.870985]"
151,add_node,random,145,152,True,False,,best_parent=0,0.4277091414291929,"[0.0, 0.0, 0.0, 0.0, 0.0, 0.0, 0.0, 0.0]","[1.494144, -0.076393, 0.989142, -0.61943, -1.567557, -1.259207, 0.584111, -0.016153]","[2.132729, -0.297748, 2.213878, -2.782936, -0.942593, -3.057598, 0.067988, 1.164383]"
152,add_node,random,62,153,True,False,,best_parent=0,0.4315117924525034,"[0.0, 0.0, 0.0, 0.0, 0.0, 0.0, 0.0, 0.0]","[2.123551, 0.175726, -0.214066, -0.022255, 1.365332, -1.370074, -0.61841, 0.139423]","[0.612275, 0.140018, -1.286729, 0.202643, 1.870255, -2.99432, -2.258966, 1.140625]"
153,add_node,random,128,154,True,False,,best_parent=0,0.37957621812735676,"[0.0, 0.0, 0.0, 0.0, 0.0, 0.0, 0.0, 0.0]","[1.940464, -0.322742, -1.227995, 0.391934, 0.269339, 0.72593, 0.01597, -0.120024]","[0.302362, -0.6469, -2.788839, 1.684867, 1.187665, 1.756146, 1.558391, -0.009089]"
154,add_node,goal_bias,103,155,True,False,,best_parent=103,0.6918971128396786,"[2.053633, -1.0, 0.352362, -0.635075, -1.315819, 0.380094, -1.570809, 1.218425]","[2.053633, -1.0, 0.352362, -0.635075, -1.315819, 0.380094, -1.570809, 1.218425]","[2.053633, -1.0, 0.352362, -0.635075, -1.315819, 0.380094, -1.570809, 1.218425]"
155,choose_parent,random,121,155,False,True,"[[""dda_link3_0"", ""dda_link_end_0""]]",parent_edge_collision,,"[1.967271, -0.027777, 1.509161, -0.767707, 0.328915, 1.878932, 1.020465, 0.868667]","[1.98075, 0.183716, 0.93096, 1.301162, -0.454227, 0.980468, 0.9093, 0.318475]","[0.720306, 0.122206, 0.244946, 2.11177, -2.077652, 2.719284, 2.011393, 1.021396]"
155,add_node,random,131,156,True,False,,best_parent=0,0.4351433726069049,"[0.0, 0.0, 0.0, 0.0, 0.0, 0.0, 0.0, 0.0]","[1.98075, 0.183716, 0.93096, 1.301162, -0.454227, 0.980468, 0.9093, 0.318475]","[0.720306, 0.122206, 0.244946, 2.11177, -2.077652, 2.719284, 2.011393, 1.021396]"
156,add_node,random,130,157,True,False,,best_parent=0,0.6641095547053231,"[0.0, 0.0, 0.0, 0.0, 0.0, 0.0, 0.0, 0.0]","[4.294667, 0.387333, -0.695058, -0.725515, 1.268673, -1.028532, -0.746536, 0.158902]","[7.691887, 0.800284, -2.671723, -1.333572, 0.989754, -0.426042, -2.427215, 2.235237]"
157,add_node,random,148,158,True,False,,best_parent=0,0.7322257361299404,"[0.0, 0.0, 0.0, 0.0, 0.0, 0.0, 0.0, 0.0]","[4.815761, -0.630746, -1.21086, 0.418559, 0.664743, -0.416369, 0.551282, -0.081807]","[7.156719, -0.871705, -1.052855, 0.419011, -0.010904, -1.843777, 2.756483, 0.448566]"
158,choose_parent,random,121,158,False,True,"[[""dda_link3_0"", ""dda_link_end_0""]]",parent_edge_collision,,"[1.967271, -0.027777, 1.509161, -0.767707, 0.328915, 1.878932, 1.020465, 0.868667]","[3.627909, 0.242035, 1.299461, 0.876455, 0.936739, 0.704799, 1.013669, -0.660415]","[4.700774, 0.467452, 1.838997, 0.367089, 0.907373, 1.129397, 2.213679, -0.561034]"
158,add_node,random,40,159,True,False,,best_parent=0,0.5998233468331655,"[0.0, 0.0, 0.0, 0.0, 0.0, 0.0, 0.0, 0.0]","[3.627909, 0.242035, 1.299461, 0.876455, 0.936739, 0.704799, 1.013669, -0.660415]","[4.700774, 0.467452, 1.838997, 0.367089, 0.907373, 1.129397, 2.213679, -0.561034]"
159,add_node,random,68,160,True,False,,best_parent=0,0.4549283929119728,"[0.0, 0.0, 0.0, 0.0, 0.0, 0.0, 0.0, 0.0]","[2.349042, -0.006989, 0.664749, 0.259807, 0.9071, 1.137893, -0.509185, 1.337323]","[2.600583, -0.004092, 0.513089, 0.215745, 0.777027, 1.288601, -0.459143, 1.453152]"
160,add_node,random,152,161,True,False,,best_parent=0,0.4715889741077633,"[0.0, 0.0, 0.0, 0.0, 0.0, 0.0, 0.0, 0.0]","[2.026868, 0.177847, -0.372448, 0.302436, 1.574495, -1.601117, -0.742146, 0.198617]","[1.469302, 0.190077, -1.285836, 2.174932, 2.780739, -2.933545, -1.455728, 0.539986]"
161,add_node,goal_bias,103,162,True,False,,best_parent=103,0.6918971128396786,"[2.053633, -1.0, 0.352362, -0.635075, -1.315819, 0.380094, -1.570809, 1.218425]","[2.053633, -1.0, 0.352362, -0.635075, -1.315819, 0.380094, -1.570809, 1.218425]","[2.053633, -1.0, 0.352362, -0.635075, -1.315819, 0.380094, -1.570809, 1.218425]"
162,add_node,random,156,163,True,False,,best_parent=0,0.6472344585153896,"[0.0, 0.0, 0.0, 0.0, 0.0, 0.0, 0.0, 0.0]","[4.323818, 0.396353, -0.702043, -0.77475, 0.905782, -0.801134, -0.770595, -0.095293]","[4.45847, 0.438021, -0.734306, -1.002178, -0.770478, 0.249259, -0.88173, -1.269466]"
163,add_node,random,23,164,True,False,,best_parent=0,0.3103623413619147,"[0.0, 0.0, 0.0, 0.0, 0.0, 0.0, 0.0, 0.0]","[0.910189, -0.3884, -0.760026, 0.313877, -0.200933, -1.019997, 0.131633, 0.117305]","[1.196234, -0.416978, -1.87733, 0.441147, -0.232978, -1.745069, 2.333478, -0.564121]"
164,choose_parent,random,121,164,False,True,"[[""dda_link3_0"", ""dda_link_end_0""]]",parent_edge_collision,,"[1.967271, -0.027777, 1.509161, -0.767707, 0.328915, 1.878932, 1.020465, 0.868667]","[3.999579, 0.493971, 1.217321, 0.910559, -0.565026, 1.379911, 0.838775, -1.320919]","[7.0608, 0.844145, 0.830531, 0.704875, 0.730303, 2.94327, 2.248164, -1.923487]"
164,add_node,random,147,165,True,False,,best_parent=0,0.703115916352459,"[0.0, 0.0, 0.0, 0.0, 0.0, 0.0, 0.0, 0.0]","[3.999579, 0.493971, 1.217321, 0.910559, -0.565026, 1.379911, 0.838775, -1.320919]","[7.0608, 0.844145, 0.830531, 0.704875, 0.730303, 2.94327, 2.248164, -1.923487]"
165,add_node,random,115,166,True,False,,best_parent=0,0.4290487395887655,"[0.0, 0.0, 0.0, 0.0, 0.0, 0.0, 0.0, 0.0]","[1.832197, 0.269329, 0.379728, -0.518366, 1.300157, -1.263507, -0.369076, -0.766439]","[0.993762, 0.770752, 2.598183, -2.354428, 2.071024, -0.569838, -0.754686, -2.400239]"
166,add_node,random,12,167,True,False,,best_parent=0,0.23942247520781323,"[0.0, 0.0, 0.0, 0.0, 0.0, 0.0, 0.0, 0.0]","[0.477469, 0.284488, 0.182776, 0.26996, 0.604929, 0.455575, -0.171291, 0.780759]","[0.202331, 0.822717, 1.049041, 0.817211, 0.443646, -0.175334, 0.182859, 1.109016]"
167,choose_parent,random,121,167,False,True,"[[""dda_link3_0"", ""dda_link_end_0""]]",parent_edge_collision,,"[1.967271, -0.027777, 1.509161, -0.767707, 0.328915, 1.878932, 1.020465, 0.868667]","[4.584591, 0.189168, 0.521767, 1.681706, 0.790345, -0.072496, 1.581598, -0.65205]","[3.319172, 0.978366, -0.415132, 3.088982, 0.726916, -1.086678, 2.594313, -1.394207]"
167,add_node,random,112,168,True,False,,best_parent=0,0.717299872471914,"[0.0, 0.0, 0.0, 0.0, 0.0, 0.0, 0.0, 0.0]","[4.584591, 0.189168, 0.521767, 1.681706, 0.790345, -0.072496, 1.581598, -0.65205]","[3.319172, 0.978366, -0.415132, 3.088982, 0.726916, -1.086678, 2.594313, -1.394207]"
168,add_node,goal_bias,103,169,True,False,,best_parent=103,0.6918971128396786,"[2.053633, -1.0, 0.352362, -0.635075, -1.315819, 0.380094, -1.570809, 1.218425]","[2.053633, -1.0, 0.352362, -0.635075, -1.315819, 0.380094, -1.570809, 1.218425]","[2.053633, -1.0, 0.352362, -0.635075, -1.315819, 0.380094, -1.570809, 1.218425]"
169,add_node,random,104,170,True,False,,best_parent=0,0.4019723747362553,"[0.0, 0.0, 0.0, 0.0, 0.0, 0.0, 0.0, 0.0]","[1.523842, 0.294134, -0.989715, 0.914596, 0.430429, -0.055029, 1.08562, 0.932335]","[1.768402, 0.411072, -2.158197, 1.52893, -0.398902, 0.772739, 1.48928, 3.082654]"
170,choose_parent,random,167,170,False,True,"[[""dda_link_end_0"", ""collision_object_0""]]",parent_edge_collision,,"[4.584591, 0.189168, 0.521767, 1.681706, 0.790345, -0.072496, 1.581598, -0.65205]","[4.449917, 0.3005, -0.646661, -0.57255, 1.301839, -1.225175, -1.014696, 0.318323]","[5.49957, -0.286583, -0.319444, 0.461655, 1.52608, -2.554694, -2.827747, 1.396177]"
170,add_node,random,156,171,True,False,,best_parent=0,0.6844596374739096,"[0.0, 0.0, 0.0, 0.0, 0.0, 0.0, 0.0, 0.0]","[4.449917, 0.3005, -0.646661, -0.57255, 1.301839, -1.225175, -1.014696, 0.318323]","[5.49957, -0.286583, -0.319444, 0.461655, 1.52608, -2.554694, -2.827747, 1.396177]"
171,add_node,random,89,172,True,False,,best_parent=0,0.5894137124737715,"[0.0, 0.0, 0.0, 0.0, 0.0, 0.0, 0.0, 0.0]","[3.457164, -0.340187, -1.387908, -1.152573, 0.862493, 0.785905, 0.282632, -0.557964]","[5.042331, -0.354492, -2.605829, -2.745251, 1.118199, -0.168811, 1.145538, -3.139683]"
172,add_node,random,150,173,True,False,,best_parent=0,0.4510710323750017,"[0.0, 0.0, 0.0, 0.0, 0.0, 0.0, 0.0, 0.0]","[1.960712, -0.323363, 0.347734, -0.217012, -0.566078, 0.004854, -1.461488, -1.392691]","[1.258056, -0.828511, -0.11771, 1.041251, 2.266021, -0.444449, -2.828069, -2.594077]"
173,add_node,random,74,174,True,False,,best_parent=0,0.47912258876648967,"[0.0, 0.0, 0.0, 0.0, 0.0, 0.0, 0.0, 0.0]","[2.448949, -0.293153, -0.011407, -0.827198, -0.76283, -0.201362, -1.205365, -1.28704]","[4.324881, -0.628905, -1.725411, -1.856918, -1.08579, -2.225788, -2.045978, -2.731711]"
174,add_node,random,135,175,True,False,,best_parent=0,0.5245736536565457,"[0.0, 0.0, 0.0, 0.0, 0.0, 0.0, 0.0, 0.0]","[2.632379, 0.07154, 1.263326, -0.365652, 1.030067, 1.024879, -1.26541, 0.990385]","[3.471884, -0.341776, 1.684549, -1.629771, 1.718117, 1.182348, -2.880622, 0.701727]"
175,add_node,random,63,176,True,False,,best_parent=0,0.3585302855269778,"[0.0, 0.0, 0.0, 0.0, 0.0, 0.0, 0.0, 0.0]","[1.225926, -0.324233, -0.437454, 0.657028, -0.615685, -1.060723, -0.862209, 0.461172]","[2.290564, -0.115783, -0.303744, 1.696413, -1.533743, -1.550374, -2.095126, 0.195356]"
176,add_node,random,150,177,True,False,,best_parent=0,0.4530255596777044,"[0.0, 0.0, 0.0, 0.0, 0.0, 0.0, 0.0, 0.0]","[1.844063, -0.21226, 0.625127, -0.09814, -1.109179, 0.075354, -1.33203, -1.445765]","[0.571451, 0.086344, 1.989636, 1.620483, -2.286607, 0.164669, -1.589249, -2.710609]"
177,choose_parent,random,121,177,False,True,"[[""dda_link3_0"", ""dda_link_end_0""]]",parent_edge_collision,,"[1.967271, -0.027777, 1.509161, -0.767707, 0.328915, 1.878932, 1.020465, 0.868667]","[4.41993, 0.588006, 1.289638, 0.943416, -0.708774, 1.354331, 0.940943, -1.196435]","[5.566468, 0.844496, 1.486889, 1.033037, -1.100857, 1.284558, 1.219615, -0.856895]"
177,add_node,random,164,178,True,False,,best_parent=0,0.7630149494756254,"[0.0, 0.0, 0.0, 0.0, 0.0, 0.0, 0.0, 0.0]","[4.41993, 0.588006, 1.289638, 0.943416, -0.708774, 1.354331, 0.940943, -1.196435]","[5.566468, 0.844496, 1.486889, 1.033037, -1.100857, 1.284558, 1.219615, -0.856895]"
178,choose_parent,random,121,178,False,True,"[[""dda_link3_0"", ""dda_link_end_0""]]",parent_edge_collision,,"[1.967271, -0.027777, 1.509161, -0.767707, 0.328915, 1.878932, 1.020465, 0.868667]","[5.704945, -0.252485, 1.252982, 0.448426, 0.048954, 0.264423, 0.501855, -1.265665]","[7.332726, -0.825732, 0.702519, 1.193395, -0.230736, 0.616407, 0.36381, -1.003163]"
178,add_node,random,149,179,True,False,,best_parent=0,0.7944651563124162,"[0.0, 0.0, 0.0, 0.0, 0.0, 0.0, 0.0, 0.0]","[5.704945, -0.252485, 1.252982, 0.448426, 0.048954, 0.264423, 0.501855, -1.265665]","[7.332726, -0.825732, 0.702519, 1.193395, -0.230736, 0.616407, 0.36381, -1.003163]"
179,choose_parent,random,167,179,False,True,"[[""dda_link_end_0"", ""collision_object_0""], [""dda_link6_0"", ""collision_object_0""], [""dda_link5_0"", ""collision_object_0""]]",parent_edge_collision,,"[4.584591, 0.189168, 0.521767, 1.681706, 0.790345, -0.072496, 1.581598, -0.65205]","[4.695456, 0.356577, -0.802588, -0.254146, 1.365005, -1.416715, -0.934569, 0.42084]","[6.578989, 0.786744, -1.998704, 2.188329, 1.84955, -2.886014, -0.319917, 1.207246]"
179,add_node,random,170,180,True,False,,best_parent=0,0.7264958495413238,"[0.0, 0.0, 0.0, 0.0, 0.0, 0.0, 0.0, 0.0]","[4.695456, 0.356577, -0.802588, -0.254146, 1.365005, -1.416715, -0.934569, 0.42084]","[6.578989, 0.786744, -1.998704, 2.188329, 1.84955, -2.886014, -0.319917, 1.207246]"
180,add_node,random,163,181,True,False,,best_parent=0,0.3432388799200558,"[0.0, 0.0, 0.0, 0.0, 0.0, 0.0, 0.0, 0.0]","[0.887294, -0.403699, -0.885693, 0.369809, 0.027226, -1.23141, 0.215637, -0.239118]","[0.708599, -0.523105, -1.866528, 0.806362, 1.808025, -2.881505, 0.871296, -3.021024]"
181,add_node,random,94,182,True,False,,best_parent=0,0.5962741179018428,"[0.0, 0.0, 0.0, 0.0, 0.0, 0.0, 0.0, 0.0]","[3.819234, 0.071568, 0.757839, 1.169332, -1.424401, 0.788032, -0.399169, 0.055103]","[3.058095, 0.134098, 0.869447, 1.420688, -2.4668, -0.478833, -1.128591, -0.277367]"
182,choose_parent,random,121,182,False,True,"[[""dda_link3_0"", ""dda_link_end_0""]]",parent_edge_collision,,"[1.967271, -0.027777, 1.509161, -0.767707, 0.328915, 1.878932, 1.020465, 0.868667]","[1.86024, 0.290048, -1.022938, 0.94084, 0.532229, -0.162699, 1.341598, 1.234753]","[3.830133, 0.26612, -1.217486, 1.09452, 1.128356, -0.793196, 2.840568, 3.005668]"
182,add_node,random,169,183,True,False,,best_parent=0,0.4664832716464171,"[0.0, 0.0, 0.0, 0.0, 0.0, 0.0, 0.0, 0.0]","[1.86024, 0.290048, -1.022938, 0.94084, 0.532229, -0.162699, 1.341598, 1.234753]","[3.830133, 0.26612, -1.217486, 1.09452, 1.128356, -0.793196, 2.840568, 3.005668]"
183,add_node,random,46,184,True,False,,best_parent=0,0.4265843575426389,"[0.0, 0.0, 0.0, 0.0, 0.0, 0.0, 0.0, 0.0]","[2.843171, 0.151008, 0.068654, 0.184293, 0.288833, -1.040997, 0.275175, 0.749803]","[4.47679, 0.007904, 1.304182, 0.895551, -0.680806, -1.953553, 0.069792, 1.464527]"
184,add_node,random,97,185,True,False,,best_parent=0,0.6754485931036115,"[0.0, 0.0, 0.0, 0.0, 0.0, 0.0, 0.0, 0.0]","[4.529876, 0.029798, 1.062665, 1.182538, -1.188293, 0.875118, -0.198759, 0.521803]","[5.506875, 0.621545, 2.287972, 1.114791, -1.623693, -0.303998, 0.368745, 2.954509]"
185,add_node,random,138,186,True,False,,best_parent=0,0.6554762133094875,"[0.0, 0.0, 0.0, 0.0, 0.0, 0.0, 0.0, 0.0]","[3.923801, -0.375806, -1.270994, -1.513011, 0.992935, 0.939869, 0.129397, 0.179759]","[5.698001, -0.532177, -1.051536, -2.336258, 0.452626, -0.147819, -0.553987, 0.280787]"
186,add_node,goal_bias,103,187,True,False,,best_parent=103,0.6918971128396786,"[2.053633, -1.0, 0.352362, -0.635075, -1.315819, 0.380094, -1.570809, 1.218425]","[2.053633, -1.0, 0.352362, -0.635075, -1.315819, 0.380094, -1.570809, 1.218425]","[2.053633, -1.0, 0.352362, -0.635075, -1.315819, 0.380094, -1.570809, 1.218425]"
187,add_node,random,160,188,True,False,,best_parent=0,0.5236452257819509,"[0.0, 0.0, 0.0, 0.0, 0.0, 0.0, 0.0, 0.0]","[2.157162, 0.141329, -0.689778, 0.36944, 1.738505, -1.7173, -0.982418, 0.357405]","[2.87134, -0.058837, -2.429155, 0.736708, 2.637493, -2.354132, -2.299421, 1.227769]"
188,choose_parent,random,167,188,False,True,"[[""dda_link5_0"", ""collision_object_0""], [""dda_link6_0"", ""collision_object_0""]]",parent_edge_collision,,"[4.584591, 0.189168, 0.521767, 1.681706, 0.790345, -0.072496, 1.581598, -0.65205]","[4.722937, 0.400913, -0.858096, 0.093652, 1.437923, -1.281217, -0.958333, 0.71112]","[4.931652, 0.737639, -1.279674, 2.735153, 1.99173, -0.252119, -1.138817, 2.915779]"
188,add_node,random,179,189,True,False,,best_parent=0,0.7393555369688644,"[0.0, 0.0, 0.0, 0.0, 0.0, 0.0, 0.0, 0.0]","[4.722937, 0.400913, -0.858096, 0.093652, 1.437923, -1.281217, -0.958333, 0.71112]","[4.931652, 0.737639, -1.279674, 2.735153, 1.99173, -0.252119, -1.138817, 2.915779]"
189,choose_parent,random,167,189,False,True,"[[""dda_link_end_0"", ""collision_object_0""]]",parent_edge_collision,,"[4.584591, 0.189168, 0.521767, 1.681706, 0.790345, -0.072496, 1.581598, -0.65205]","[4.514817, 0.449325, -0.926763, -1.023566, 0.784245, -0.727818, -0.507933, -0.107145]","[5.906864, 0.835398, -2.564575, -2.836993, -0.101546, -0.193478, 1.406416, -0.193529]"
189,add_node,random,162,190,True,False,,best_parent=0,0.6791783069861497,"[0.0, 0.0, 0.0, 0.0, 0.0, 0.0, 0.0, 0.0]","[4.514817, 0.449325, -0.926763, -1.023566, 0.784245, -0.727818, -0.507933, -0.107145]","[5.906864, 0.835398, -2.564575, -2.836993, -0.101546, -0.193478, 1.406416, -0.193529]"
190,add_node,random,82,191,True,False,,best_parent=0,0.6215964590132902,"[0.0, 0.0, 0.0, 0.0, 0.0, 0.0, 0.0, 0.0]","[3.834093, -0.541492, -1.353001, -0.03253, 0.617903, 0.339432, 0.379123, 0.765144]","[4.219595, -0.833445, -2.266043, 1.284676, -0.808539, 0.952414, 1.081296, 2.491171]"
