t_s,joint,jnt_ref_deg,angle_change_deg,last_sent_cmd_deg
0.010564591037109494,1,0.0,0.0,0.0
0.020874836947768927,1,0.0,0.0,0.0
0.030734953936189413,1,0.0,0.0,0.0
0.040801187977194786,1,0.0,0.0,0.0
0.0509295470546931,1,0.0,0.0,0.0
0.06109445611946285,1,0.0,0.0,0.0
0.07118580304086208,1,0.0,0.0,0.0
0.0813197810202837,1,0.0,0.0,0.0
0.0915410709567368,1,0.0,0.0,0.0
0.10162108507938683,1,0.0,0.0,0.0
0.11162278312258422,1,0.0,0.0,0.0
0.12171952403150499,1,0.0,0.0,0.0
0.13177901110611856,1,0.0,0.0,0.0
0.14190666610375047,1,0.0,0.0,0.0
0.1520422869361937,1,0.0,0.0,0.0
0.16212102212011814,1,0.0,0.0,0.0
0.17209654999896884,1,0.0,0.0,0.0
0.18221782008185983,1,0.0,0.0,0.0
0.1922534869518131,1,0.0,0.0,0.0
0.20240502594970167,1,0.0,0.0,0.0
0.21243453305214643,1,0.0,0.0,0.0
0.22246891702525318,1,0.0,0.0,0.0
0.23254295508377254,1,0.0,0.0,0.0
0.24268757505342364,1,0.0,0.0,0.0
0.25275247311219573,1,0.0,0.0,0.0
0.26287207705900073,1,0.0,0.0,0.0
0.2730003041215241,1,0.0,0.0,0.0
0.2831067710649222,1,0.0,0.0,0.0
0.2932326761074364,1,0.0,0.0,0.0
0.30333051504567266,1,0.0,0.0,0.0
0.3134000371210277,1,0.0,0.0,0.18
0.32345746201463044,1,0.0,0.0,0.36
0.3336056631524116,1,0.006660000421106815,0.006660000421106815,0.54
0.34366243495605886,1,0.09695890545845032,0.09695890545845032,0.72
0.3537986990995705,1,0.2929958701133728,0.2929958701133728,0.9
0.3639388361480087,1,0.5090304017066956,0.5090304017066956,1.08
0.37408602493815124,1,0.7056822776794434,0.7056822776794434,1.26
0.384086939971894,1,0.8997045755386353,0.8997045755386353,1.44
0.39415624109096825,1,1.090851068496704,1.090851068496704,1.6199999999999999
0.40431160293519497,1,1.3146668672561646,1.3146668672561646,1.8
0.4143074559979141,1,1.4988683462142944,1.4988683462142944,1.98
0.4244418970774859,1,1.6729060411453247,1.6729060411453247,2.16
0.434513928135857,1,1.856058120727539,1.856058120727539,2.34
0.4445947790518403,1,2.0312466621398926,2.0312466621398926,2.52
0.4546584840863943,1,2.215078115463257,2.215078115463257,2.6999999999999997
0.46479944000020623,1,2.389112710952759,2.389112710952759,2.88
0.47480080206878483,1,2.5613749027252197,2.5613749027252197,3.06
0.48487336304970086,1,2.736131429672241,2.736131429672241,3.2399999999999998
0.4949516640044749,1,2.9129271507263184,2.9129271507263184,3.42
0.5050104991532862,1,3.091017961502075,3.091017961502075,3.6
0.5151920551434159,1,3.269887685775757,3.269887685775757,3.7800000000000002
0.5252873559948057,1,3.4492199420928955,3.4492199420928955,3.96
0.5353242130950093,1,3.6288254261016846,3.6288254261016846,4.14
0.5455005089752376,1,3.8085925579071045,3.8085925579071045,4.41
0.5556311730761081,1,3.988455057144165,3.988455057144165,4.59
0.5657336791045964,1,4.168374061584473,4.168374061584473,4.77
0.5757955741137266,1,4.348325729370117,4.348325729370117,4.95
0.5859220649581403,1,4.528297424316406,4.528297424316406,5.13
0.5959945200011134,1,4.70828104019165,4.70828104019165,5.31
0.6060206030961126,1,4.888270854949951,4.888270854949951,5.49
0.6161743730772287,1,5.068264961242676,5.068264961242676,5.67
0.6261812150478363,1,5.24826192855835,5.24826192855835,5.8500000000000005
0.6363024120219052,1,5.42825984954834,5.42825984954834,6.03
0.646592915058136,1,5.644389629364014,5.644389629364014,6.210000000000001
0.6567269840743393,1,5.816166400909424,5.816166400909424,6.39
0.6667824650648981,1,5.997983455657959,5.997983455657959,6.569999999999999
0.6768028030637652,1,6.1723833084106445,6.1723833084106445,6.75
0.6869621430523694,1,6.354793071746826,6.354793071746826,6.93
0.6970157800242305,1,6.538665771484375,6.538665771484375,7.11
0.7070958151016384,1,6.7127861976623535,6.7127861976623535,7.29
0.7171649760566652,1,6.895987510681152,6.895987510681152,7.470000000000001
0.7273545321077108,1,7.071204662322998,7.071204662322998,7.65
0.7374098880682141,1,7.255053520202637,7.255053520202637,7.829999999999999
0.7475626871455461,1,7.429098129272461,7.429098129272461,8.01
0.7576117510907352,1,7.6013665199279785,7.6013665199279785,8.19
0.7676731760147959,1,7.776126384735107,7.776126384735107,8.37
0.7777246010955423,1,7.9529242515563965,7.9529242515563965,8.55
0.7879047240130603,1,8.13101577758789,8.13101577758789,8.73
0.7979198021348566,1,8.309886932373047,8.309886932373047,8.91
0.8081093020737171,1,8.489219665527344,8.489219665527344,9.09
0.8182081060949713,1,8.668825149536133,8.668825149536133,9.27
0.8282365610357374,1,8.848592758178711,8.848592758178711,9.45
0.838305827928707,1,9.028454780578613,9.028454780578613,9.629999999999999
0.848503532120958,1,9.2083740234375,9.2083740234375,9.81
0.8584709819406271,1,9.388325691223145,9.388325691223145,9.99
0.8685345849953592,1,9.568297386169434,9.568297386169434,10.17
0.8786590551026165,1,9.74828052520752,9.74828052520752,10.35
0.8887557559646666,1,9.928271293640137,9.928271293640137,10.530000000000001
0.8988869269378483,1,10.108264923095703,10.108264923095703,10.709999999999999
0.9090320370160043,1,10.337737083435059,10.337737083435059,10.89
0.9190977280959487,1,10.543673515319824,10.543673515319824,11.07
0.9291576829273254,1,10.743435859680176,10.743435859680176,11.25
0.9391751650255173,1,10.93581771850586,10.93581771850586,11.43
0.949338031001389,1,11.123634338378906,11.123634338378906,11.61
0.9593187430873513,1,11.29981517791748,11.29981517791748,11.790000000000001
0.9694543001241982,1,11.4832763671875,11.4832763671875,11.97
0.9795876499265432,1,11.667293548583984,11.667293548583984,12.15
0.9896716689690948,1,11.849980354309082,11.849980354309082,12.330000000000002
0.9998260019347072,1,12.03200626373291,12.03200626373291,12.510000000000002
1.009932486107573,1,12.204758644104004,12.204758644104004,12.69
1.0199825519230217,1,12.387151718139648,12.387151718139648,12.87
1.030108624137938,1,12.56033706665039,12.56033706665039,13.049999999999999
1.0401818689424545,1,12.732097625732422,12.732097625732422,13.229999999999999
1.0501659750007093,1,12.9065580368042,12.9065580368042,13.41
1.0602995951194316,1,13.083179473876953,13.083179473876953,13.59
1.0705142880324274,1,13.2611665725708,13.2611665725708,13.86
1.0805453720968217,1,13.43997573852539,13.43997573852539,14.04
1.090680261142552,1,13.619272232055664,13.619272232055664,14.22
1.1007911369670182,1,13.798855781555176,13.798855781555176,14.4
1.1109348740428686,1,13.97861099243164,13.97861099243164,14.58
1.1210189890116453,1,14.158465385437012,14.158465385437012,14.76
1.1311089261434972,1,14.338379859924316,14.338379859924316,14.940000000000001
1.1411663249600679,1,14.518329620361328,14.518329620361328,15.120000000000001
1.1511593230534345,1,14.698299407958984,14.698299407958984,15.3
1.161321226041764,1,14.87828254699707,14.87828254699707,15.479999999999999
1.1715966891497374,1,15.094016075134277,15.094016075134277,15.659999999999998
1.1816667059902102,1,15.27401065826416,15.27401065826416,15.84
1.191786068957299,1,15.454007148742676,15.454007148742676,16.02
1.2017748199868947,1,15.634005546569824,15.634005546569824,16.2
1.2119111011270434,1,15.814004898071289,15.814004898071289,16.38
1.2219749439973384,1,15.994004249572754,15.994004249572754,16.56
1.232042334973812,1,16.17400360107422,16.17400360107422,16.74
1.2421875449363142,1,16.354001998901367,16.354001998901367,16.92
1.2523255541455,1,16.53400230407715,16.53400230407715,17.1
1.2624448100104928,1,16.714387893676758,16.714387893676758,17.28
1.2725916269700974,1,16.886165618896484,16.886165618896484,17.46
1.2826662079896778,1,17.067983627319336,17.067983627319336,17.64
1.2927571590989828,1,17.24238395690918,17.24238395690918,17.82
1.3027470200322568,1,17.425748825073242,17.425748825073242,18.0
1.3128727860748768,1,17.59950828552246,17.59950828552246,18.18
1.3229416359681636,1,17.771608352661133,17.771608352661133,18.36
1.3330857129767537,1,17.946269989013672,17.946269989013672,18.54
1.3431704030372202,1,18.123937606811523,18.123937606811523,18.72
1.3533309979829937,1,18.314023971557617,18.314023971557617,18.9
1.3633771929889917,1,18.492584228515625,18.492584228515625,19.08
1.3735732990317047,1,18.702402114868164,18.702402114868164,19.259999999999998
1.383594905026257,1,18.879051208496094,18.879051208496094,19.44
1.3937092339619994,1,19.056997299194336,19.056997299194336,19.62
1.4037125271279365,1,19.23577308654785,19.23577308654785,19.8
1.413825429044664,1,19.415048599243164,19.415048599243164,19.98
1.423989504110068,1,19.594619750976562,19.594619750976562,20.16
1.4340320259798318,1,19.77436637878418,19.77436637878418,20.34
1.4440972721204162,1,19.9542179107666,19.9542179107666,20.52
1.4542534770444036,1,20.134130477905273,20.134130477905273,20.7
1.4643841129727662,1,20.314077377319336,20.314077377319336,20.880000000000003
1.474444431019947,1,20.494047164916992,20.494047164916992,21.060000000000002
1.484438616083935,1,20.674028396606445,20.674028396606445,21.24
1.4945029870141298,1,20.867748260498047,20.867748260498047,21.419999999999998
1.504576422041282,1,21.073678970336914,21.073678970336914,21.599999999999998
1.5147422840818763,1,21.274032592773438,21.274032592773438,21.78
1.524808102985844,1,21.458240509033203,21.458240509033203,21.96
1.534937750082463,1,21.646442413330078,21.646442413330078,22.14
1.5450075510889292,1,21.8337345123291,21.8337345123291,22.32
1.5550837120972574,1,22.00987434387207,22.00987434387207,22.5
1.5652313560713083,1,22.19426727294922,22.19426727294922,22.68
1.5753218170721084,1,22.370189666748047,22.370189666748047,22.86
1.5855356729589403,1,22.554454803466797,22.554454803466797,23.13
1.5956149480771273,1,22.728744506835938,22.728744506835938,23.310000000000002
1.6057505309581757,1,22.90115737915039,22.90115737915039,23.490000000000002
1.6158069791272283,1,23.07600212097168,23.07600212097168,23.67
1.625944056082517,1,23.252851486206055,23.252851486206055,23.85
1.6361726131290197,1,23.466447830200195,23.466447830200195,24.03
1.6462340410798788,1,23.64544677734375,23.64544677734375,24.21
1.6563012979459018,1,23.82485580444336,23.82485580444336,24.39
1.666394439060241,1,24.004507064819336,24.004507064819336,24.57
1.676466187927872,1,24.18429946899414,24.18429946899414,24.750000000000004
1.686524701071903,1,24.364177703857422,24.364177703857422,24.930000000000003
1.6965923509560525,1,24.544105529785156,24.544105529785156,25.110000000000003
1.7066601100377738,1,24.724063873291016,24.724063873291016,25.290000000000003
1.7167202611453831,1,24.90403938293457,24.90403938293457,25.47
1.7268762490712106,1,25.08402442932129,25.08402442932129,25.65
1.736945719923824,1,25.264015197753906,25.264015197753906,25.83
1.747040000045672,1,25.44400978088379,25.44400978088379,26.009999999999998
1.7570990910753608,1,25.624006271362305,25.624006271362305,26.189999999999998
1.76715839211829,1,25.804004669189453,25.804004669189453,26.369999999999997
1.7772345731500536,1,25.984004974365234,25.984004974365234,26.549999999999997
1.7874301059637219,1,26.16438865661621,26.16438865661621,26.73
1.79747532797046,1,26.336166381835938,26.336166381835938,26.91
1.807604247936979,1,26.517982482910156,26.517982482910156,27.09
1.8177401721477509,1,26.6923828125,26.6923828125,27.27
1.8277982799336314,1,26.875749588012695,26.875749588012695,27.45
1.8378672529943287,1,27.049509048461914,27.049509048461914,27.63
1.8478972960729152,1,27.22263526916504,27.22263526916504,27.81
1.8579678270034492,1,27.409290313720703,27.409290313720703,27.99
1.8680960109923035,1,27.587249755859375,27.587249755859375,28.17
1.878168846014887,1,27.77271842956543,27.77271842956543,28.35
1.888302005128935,1,27.985517501831055,27.985517501831055,28.53
1.898352628108114,1,28.16956329345703,28.16956329345703,28.71
1.9084888910874724,1,28.34255027770996,28.34255027770996,28.89
1.9185310220345855,1,28.515506744384766,28.515506744384766,29.07
1.9285843109246343,1,28.69088363647461,28.69088363647461,29.25
1.9386563871521503,1,28.868080139160156,28.868080139160156,29.43
1.9487956890370697,1,29.04641342163086,29.04641342163086,29.610000000000003
1.9588165120221674,1,29.225425720214844,29.225425720214844,29.790000000000003
1.96893973601982,1,29.404844284057617,29.404844284057617,29.970000000000002
1.9790921970270574,1,29.58449935913086,29.58449935913086,30.150000000000002
1.9891705210320652,1,29.76429557800293,29.76429557800293,30.330000000000002
1.9993746720720083,1,29.944175720214844,29.944175720214844,30.51
2.00940357404761,1,30.12410545349121,30.12410545349121,30.69
2.0195382740348577,1,30.30406379699707,30.30406379699707,30.87
2.0295502389781177,1,30.484039306640625,30.484039306640625,31.049999999999997
2.0396758220158517,1,30.664024353027344,30.664024353027344,31.229999999999997
2.049733622930944,1,30.84401512145996,30.84401512145996,31.409999999999997
2.059875068021938,1,31.024009704589844,31.024009704589844,31.589999999999996
2.0700927800498903,1,31.20400619506836,31.20400619506836,31.77
2.0801856010220945,1,31.384004592895508,31.384004592895508,31.95
2.090290762949735,1,31.564390182495117,31.564390182495117,32.129999999999995
2.10038755601272,1,31.73616600036621,31.73616600036621,32.4
2.1105046500451863,1,31.917984008789062,31.917984008789062,32.58
2.120590014150366,1,32.1292610168457,32.1292610168457,32.76
2.1306325220502913,1,32.329288482666016,32.329288482666016,32.94
2.1407265791203827,1,32.539161682128906,32.539161682128906,33.12
2.1508317899424583,1,32.732295989990234,32.732295989990234,33.3
2.1608684700913727,1,32.92584991455078,32.92584991455078,33.48
2.170897803036496,1,33.108055114746094,33.108055114746094,33.66
2.180976032046601,1,33.2951545715332,33.2951545715332,33.84
2.191039284924045,1,33.469947814941406,33.469947814941406,34.02
2.201093669049442,1,33.64397048950195,33.64397048950195,34.2
2.211164561100304,1,33.819976806640625,33.819976806640625,34.38
2.221237241057679,1,33.99754333496094,33.99754333496094,34.56
2.231306017143652,1,34.17609786987305,34.17609786987305,34.74
2.2414032339584082,1,34.35523986816406,34.35523986816406,34.92
2.251521324040368,1,34.534732818603516,34.534732818603516,35.1
2.2616785070858896,1,34.71443557739258,34.71443557739258,35.28
2.2716665221378207,1,34.894256591796875,34.894256591796875,35.46
2.2818003490101546,1,35.074153900146484,35.074153900146484,35.64
2.2918815230950713,1,35.25408935546875,35.25408935546875,35.82
2.3018576849717647,1,35.43405532836914,35.43405532836914,36.0
2.311945836059749,1,35.61403274536133,35.61403274536133,36.18
2.3220207809936255,1,35.79402160644531,35.79402160644531,36.36
2.3321559310425073,1,35.97401428222656,35.97401428222656,36.54
2.3422535681165755,1,36.15401077270508,36.15401077270508,36.72
2.352302409010008,1,36.334007263183594,36.334007263183594,36.9
2.362376470118761,1,36.51400375366211,36.51400375366211,37.08
2.372513175010681,1,36.69400405883789,36.69400405883789,37.26
2.3826588101219386,1,36.87400436401367,36.87400436401367,37.44
2.392710311105475,1,37.05400085449219,37.05400085449219,37.62
2.40281821298413,1,37.2343864440918,37.2343864440918,37.8
2.4128222670406103,1,37.44171905517578,37.44171905517578,37.98
2.4229606420267373,1,37.62322235107422,37.62322235107422,38.16
2.4330173910129815,1,37.79831314086914,37.79831314086914,38.339999999999996
2.4431033469736576,1,37.98154067993164,37.98154067993164,38.519999999999996
2.453191675944254,1,38.16383743286133,38.16383743286133,38.7
2.4633249030448496,1,38.33867645263672,38.33867645263672,38.88
2.4733902860898525,1,38.52143096923828,38.52143096923828,39.06
2.4834489210043103,1,38.69365310668945,38.69365310668945,39.24
2.493585945107043,1,38.86615753173828,38.86615753173828,39.42
2.503888153936714,1,39.0412712097168,39.0412712097168,39.6
2.513945466140285,1,39.21830749511719,39.21830749511719,39.78
2.5239673100877553,1,39.39654541015625,39.39654541015625,39.96
2.5340492341201752,1,39.575504302978516,39.575504302978516,40.14
2.544105275068432,1,39.75489044189453,39.75489044189453,40.32
2.5542496039997786,1,39.93452453613281,39.93452453613281,40.5
2.5643215170130134,1,40.11431121826172,40.11431121826172,40.68
2.5743946919683367,1,40.294185638427734,40.294185638427734,40.86
2.5845295779872686,1,40.4741096496582,40.4741096496582,41.04
2.5945384760852903,1,40.65406799316406,40.65406799316406,41.22
2.604656544048339,1,40.834041595458984,40.834041595458984,41.4
2.6148097971454263,1,41.0140266418457,41.0140266418457,41.580000000000005
2.6248960259836167,1,41.19401550292969,41.19401550292969,41.760000000000005
2.6349467830732465,1,41.3740119934082,41.3740119934082,41.940000000000005
2.6450271441135556,1,41.55400848388672,41.55400848388672,42.120000000000005
2.655161164002493,1,41.734004974365234,41.734004974365234,42.3
2.6652359599247575,1,41.95003128051758,41.95003128051758,42.48
2.6753172259777784,1,42.13003158569336,42.13003158569336,42.66
2.6854277229867876,1,42.308990478515625,42.308990478515625,42.93
2.6955166440457106,1,42.481719970703125,42.481719970703125,43.11
2.705566145014018,1,42.663551330566406,42.663551330566406,43.29
2.7156410000752658,1,42.84595489501953,42.84595489501953,43.47
2.7256733989343047,1,43.027584075927734,43.027584075927734,43.65
2.7357798719312996,1,43.207542419433594,43.207542419433594,43.83
2.7458846089430153,1,43.38180923461914,43.38180923461914,44.01
2.7559251999482512,1,43.57964324951172,43.57964324951172,44.19
2.7660149780567735,1,43.77915573120117,43.77915573120117,44.37
2.77607831498608,1,43.98163986206055,43.98163986206055,44.55
2.786250699078664,1,44.16606140136719,44.16606140136719,44.73
2.7964246459305286,1,44.34577178955078,44.34577178955078,44.91
2.8063989661168307,1,44.5251350402832,44.5251350402832,45.09
2.8164492750074714,1,44.70468521118164,44.70468521118164,45.27
2.826520174043253,1,44.88440704345703,44.88440704345703,45.45
2.83660644502379,1,45.06424331665039,45.06424331665039,45.63
2.8467290711123496,1,45.244144439697266,45.244144439697266,45.81
2.8567882671486586,1,45.42408752441406,45.42408752441406,45.99
2.8669547070749104,1,45.60405349731445,45.60405349731445,46.17
2.8771053601522,1,45.784034729003906,45.784034729003906,46.35
2.8871612639632076,1,45.964019775390625,45.964019775390625,46.53
2.897177319973707,1,46.144012451171875,46.144012451171875,46.71
2.9073728299699724,1,46.32400894165039,46.32400894165039,46.89
2.9174445951357484,1,46.504005432128906,46.504005432128906,47.07
2.9275829771067947,1,46.72003173828125,46.72003173828125,47.25
2.93767475313507,1,46.90003204345703,46.90003204345703,47.43
2.9477319889701903,1,47.08003234863281,47.08003234863281,47.61
2.9577803849242628,1,47.260032653808594,47.260032653808594,47.79
2.967892876127735,1,47.440032958984375,47.440032958984375,47.970000000000006
2.9779653321020305,1,47.620033264160156,47.620033264160156,48.150000000000006
2.987999228062108,1,47.80003356933594,47.80003356933594,48.330000000000005
2.9980967701412737,1,47.9789924621582,47.9789924621582,48.510000000000005
3.008226549020037,1,48.15171813964844,48.15171813964844,48.690000000000005
3.018319266149774,1,48.33322525024414,48.33322525024414,48.870000000000005
3.028374922927469,1,48.5083122253418,48.5083122253418,49.050000000000004
3.0385103330481797,1,48.69121170043945,48.69121170043945,49.230000000000004
3.048593092011288,1,48.863525390625,48.863525390625,49.410000000000004
3.0587606180924922,1,49.03904342651367,49.03904342651367,49.59
3.068799725966528,1,49.22540283203125,49.22540283203125,49.77
3.078853301005438,1,49.40369415283203,49.40369415283203,49.95
3.0889373179525137,1,49.58848571777344,49.58848571777344,50.13
3.0991023019887507,1,49.76191329956055,49.76191329956055,50.31
3.109164087101817,1,49.93513107299805,49.93513107299805,50.49
3.1193062579259276,1,50.11066436767578,50.11066436767578,50.669999999999995
3.1294965411070734,1,50.28794860839844,50.28794860839844,50.849999999999994
3.139606434153393,1,50.46633529663086,50.46633529663086,51.029999999999994
3.1496587300207466,1,50.645381927490234,50.645381927490234,51.209999999999994
3.159745386103168,1,50.82481384277344,50.82481384277344,51.38999999999999
3.16982874693349,1,51.00448226928711,51.00448226928711,51.56999999999999
3.1798981679603457,1,51.22028732299805,51.22028732299805,51.74999999999999
3.190012725070119,1,51.40018081665039,51.40018081665039,51.92999999999999
3.2000862299464643,1,51.58012008666992,51.58012008666992,52.11
3.2101658871397376,1,51.76008224487305,51.76008224487305,52.29
3.220296001061797,1,51.9400634765625,51.9400634765625,52.47
3.2303974570240825,1,52.12004852294922,52.12004852294922,52.739999999999995
3.240459067048505,1,52.30004119873047,52.30004119873047,52.919999999999995
3.250581057043746,1,52.480037689208984,52.480037689208984,53.099999999999994
3.2606085650622845,1,52.6600341796875,52.6600341796875,53.279999999999994
3.2707446040585637,1,52.84003448486328,52.84003448486328,53.46
3.280898264143616,1,53.01898956298828,53.01898956298828,53.64
3.290947017027065,1,53.19171905517578,53.19171905517578,53.82
3.301061192061752,1,53.37322235107422,53.37322235107422,54.0
3.311177022056654,1,53.54831314086914,53.54831314086914,54.18
3.321300175972283,1,53.7312126159668,53.7312126159668,54.36
3.3313847759272903,1,53.903526306152344,53.903526306152344,54.54
3.34156928001903,1,54.07608413696289,54.07608413696289,54.72
3.3515891099814326,1,54.264984130859375,54.264984130859375,54.9
3.361682271119207,1,54.46797561645508,54.46797561645508,55.08
3.3718234580010176,1,54.66598129272461,54.66598129272461,55.26
3.381922678090632,1,54.85731887817383,54.85731887817383,55.44
3.392039167927578,1,55.04412841796875,55.04412841796875,55.62
3.4021811089478433,1,55.22816848754883,55.22816848754883,55.8
3.412245210027322,1,55.41055679321289,55.41055679321289,55.98
3.4223175370134413,1,55.62820053100586,55.62820053100586,56.16
3.4325384949333966,1,55.8089485168457,55.8089485168457,56.34
3.4426062980201095,1,55.9893913269043,55.9893913269043,56.52
3.452656185021624,1,56.169654846191406,56.169654846191406,56.7
3.462720960145816,1,56.34980773925781,56.34980773925781,56.88
3.4728854440618306,1,56.52989959716797,56.52989959716797,57.06
3.482949486002326,1,56.70995330810547,56.70995330810547,57.24
3.4930234521161765,1,56.88998794555664,56.88998794555664,57.42
3.5031557970214635,1,57.070003509521484,57.070003509521484,57.6
3.513250574003905,1,57.25001525878906,57.25001525878906,57.78
3.5233877489808947,1,57.43001937866211,57.43001937866211,57.96
3.5334463350009173,1,57.610023498535156,57.610023498535156,58.14
3.5435178261250257,1,57.7900276184082,57.7900276184082,58.32
3.5536125521175563,1,57.970027923583984,57.970027923583984,58.5
3.5638169259764254,1,58.14898681640625,58.14898681640625,58.68
3.5739559319335967,1,58.32171630859375,58.32171630859375,58.86
3.584012984065339,1,58.50322341918945,58.50322341918945,59.04
3.5941053139977157,1,58.678314208984375,58.678314208984375,59.220000000000006
3.6041698809713125,1,58.86121368408203,58.86121368408203,59.400000000000006
3.6142474750522524,1,59.03352355957031,59.03352355957031,59.580000000000005
3.6243564831092954,1,59.206085205078125,59.206085205078125,59.760000000000005
3.634507419075817,1,59.3812255859375,59.3812255859375,59.940000000000005
3.644586438080296,1,59.5938835144043,59.5938835144043,60.120000000000005
3.654684284934774,1,59.77230453491211,59.77230453491211,60.300000000000004
3.6647426490671933,1,59.95137405395508,59.95137405395508,60.480000000000004
3.6751383040100336,1,60.13082504272461,60.13082504272461,60.660000000000004
3.6849359839688987,1,60.31049728393555,60.31049728393555,60.84
3.695006723050028,1,60.49030685424805,60.49030685424805,61.02
3.7050080341286957,1,60.67019271850586,60.67019271850586,61.2
3.715162453940138,1,60.850128173828125,60.850128173828125,61.38
3.7254586259368807,1,61.030086517333984,61.030086517333984,61.650000000000006
3.735464105149731,1,61.21006393432617,61.21006393432617,61.830000000000005
3.745654680998996,1,61.390052795410156,61.390052795410156,62.01
3.7556618531234562,1,61.570045471191406,61.570045471191406,62.19
3.7657207739539444,1,61.750038146972656,61.750038146972656,62.37
3.7758382889442146,1,61.93003463745117,61.93003463745117,62.55
3.7858886390458792,1,62.11003112792969,62.11003112792969,62.73
3.7960395959671587,1,62.29003143310547,62.29003143310547,62.91
3.806028677150607,1,62.47003173828125,62.47003173828125,63.089999999999996
3.8162335681263357,1,62.65003204345703,62.65003204345703,63.269999999999996
3.826257263077423,1,62.83003234863281,62.83003234863281,63.449999999999996
3.8363788661081344,1,63.010032653808594,63.010032653808594,63.629999999999995
3.8465347150340676,1,63.18899154663086,63.18899154663086,63.809999999999995
3.8565488210879266,1,63.36172103881836,63.36172103881836,63.989999999999995
3.866604842012748,1,63.54355239868164,63.54355239868164,64.17
3.876661258051172,1,63.7259521484375,63.7259521484375,64.35
3.886745674069971,1,63.9075813293457,63.9075813293457,64.53
3.896845859941095,1,64.08753967285156,64.08753967285156,64.71
3.9069574759341776,1,64.29722595214844,64.29722595214844,64.89
3.9170191569719464,1,64.47772979736328,64.47772979736328,65.07
3.927097724052146,1,64.6546630859375,64.6546630859375,65.25
3.9371828180737793,1,64.83621215820312,64.83621215820312,65.42999999999999
3.947255728999153,1,65.00780487060547,65.00780487060547,65.61
3.9573087110184133,1,65.18089294433594,65.18089294433594,65.78999999999999
3.9673873810097575,1,65.35650634765625,65.35650634765625,65.97
3.9774485090747476,1,65.5348892211914,65.5348892211914,66.15
3.9875978589989245,1,65.7308120727539,65.7308120727539,66.33
3.9976663540583104,1,65.93561553955078,65.93561553955078,66.51
4.007839082041755,1,66.13323974609375,66.13323974609375,66.69
4.017862517153844,1,66.3241195678711,66.3241195678711,66.87
4.028030755929649,1,66.5106201171875,66.5106201171875,67.05
4.038010626100004,1,66.69447326660156,66.69447326660156,67.23
4.048181458143517,1,66.87674713134766,66.87674713134766,67.41
4.058847324922681,1,67.05809020996094,67.05809020996094,67.59
4.068374727154151,1,67.23888397216797,67.23888397216797,67.77
4.078504364006221,1,67.41935729980469,67.41935729980469,67.95
4.088659217115492,1,67.5996322631836,67.5996322631836,68.13
4.098660134943202,1,67.77979278564453,67.77979278564453,68.31
4.108752029016614,1,67.95989227294922,67.95989227294922,68.49
4.119000351056457,1,68.13994598388672,68.13994598388672,68.67
4.129031836986542,1,68.31998443603516,68.31998443603516,68.85
4.139088845113292,1,68.5,68.5,69.03
4.1491563860327005,1,68.71630096435547,68.71630096435547,69.21000000000001
4.159235496073961,1,68.89336395263672,68.89336395263672,69.39
4.169306932017207,1,69.0679931640625,69.0679931640625,69.57000000000001
4.17938862205483,1,69.24818420410156,69.24818420410156,69.75
4.189514825120568,1,69.4189682006836,69.4189682006836,69.93
4.199589360039681,1,69.59688568115234,69.59688568115234,70.11
4.209731339011341,1,69.78150939941406,69.78150939941406,70.29
4.219802675070241,1,69.96099090576172,69.96099090576172,70.47
4.229967082152143,1,70.14404296875,70.14404296875,70.65
4.240022280951962,1,70.3224868774414,70.3224868774414,70.83
4.2501646829769015,1,70.50492858886719,70.50492858886719,71.01
4.260243664029986,1,70.67704772949219,70.67704772949219,71.19
4.2704518779646605,1,70.85044860839844,70.85044860839844,71.46000000000001
4.2805349349509925,1,71.02623748779297,71.02623748779297,71.64
4.290665832115337,1,71.20370483398438,71.20370483398438,71.82000000000001
4.30073875002563,1,71.3822021484375,71.3822021484375,72.0
4.310813660966232,1,71.56131744384766,71.56131744384766,72.18
4.32091423496604,1,71.74079132080078,71.74079132080078,72.36
4.330979096004739,1,71.92047882080078,71.92047882080078,72.54
4.341023350134492,1,72.10029602050781,72.10029602050781,72.72
4.351159011013806,1,72.28018951416016,72.28018951416016,72.9
4.361169902142137,1,72.46012115478516,72.46012115478516,73.08
4.371305088046938,1,72.64008331298828,72.64008331298828,73.25999999999999
4.381392654031515,1,72.82006072998047,72.82006072998047,73.44
4.391442894935608,1,73.03633117675781,73.03633117675781,73.61999999999999
4.401516281999648,1,73.21632385253906,73.21632385253906,73.8
4.411565523128957,1,73.39632415771484,73.39632415771484,73.97999999999999
4.421660961117595,1,73.5763168334961,73.5763168334961,74.16
4.43174728914164,1,73.75631713867188,73.75631713867188,74.33999999999999
4.441872239112854,1,73.93631744384766,73.93631744384766,74.52
4.4519403299782425,1,74.11631774902344,74.11631774902344,74.7
4.4620155449956656,1,74.29631042480469,74.29631042480469,74.88
4.472063279943541,1,74.4733657836914,74.4733657836914,75.06
4.482176541117951,1,74.64799499511719,74.64799499511719,75.24
4.49230447714217,1,74.82817840576172,74.82817840576172,75.42
4.502371954033151,1,75.00492858886719,75.00492858886719,75.6
4.512523159151897,1,75.18637084960938,75.18637084960938,75.78
4.522592962021008,1,75.35789489746094,75.35789489746094,75.96
4.532676211092621,1,75.53095245361328,75.53095245361328,76.14
4.542766117956489,1,75.70653533935547,75.70653533935547,76.32
4.55286667495966,1,75.88388061523438,75.88388061523438,76.5
4.562981273047626,1,76.06230926513672,76.06230926513672,76.67999999999999
4.573113603051752,1,76.24137115478516,76.24137115478516,76.86
4.5833129631355405,1,76.4218521118164,76.4218521118164,77.03999999999999
4.59337273100391,1,76.6190185546875,76.6190185546875,77.22
4.603373066987842,1,76.82455444335938,76.82455444335938,77.4
4.6134665969293565,1,77.0226058959961,77.0226058959961,77.58
4.623651958070695,1,77.2137451171875,77.2137451171875,77.76
4.6337244641035795,1,77.40039825439453,77.40039825439453,77.94
4.643866318045184,1,77.6211929321289,77.6211929321289,78.12
4.653940845979378,1,77.80329132080078,77.80329132080078,78.3
4.663994380971417,1,77.98452758789062,77.98452758789062,78.48
4.6741058269981295,1,78.1652603149414,78.1652603149414,78.66
4.684178408933803,1,78.34568786621094,78.34568786621094,78.84
4.694171543000266,1,78.52594757080078,78.52594757080078,79.02
4.704285700106993,1,78.70609283447266,78.70609283447266,79.2
4.714461338939145,1,78.88618469238281,78.88618469238281,79.38
4.724532395135611,1,79.06623840332031,79.06623840332031,79.56
4.734870936023071,1,79.24626922607422,79.24626922607422,79.74
4.744940316071734,1,79.42628479003906,79.42628479003906,79.92
4.755029763095081,1,79.60335540771484,79.60335540771484,80.1
4.765105954138562,1,79.77798461914062,79.77798461914062,80.28
4.7751592949498445,1,79.95817565917969,79.95817565917969,80.46000000000001
4.785226715961471,1,80.13492584228516,80.13492584228516,80.64
4.7954138240311295,1,80.31637573242188,80.31637573242188,80.91
4.805559660075232,1,80.48789978027344,80.48789978027344,81.09
4.815697398036718,1,80.66625213623047,80.66625213623047,81.27
4.8257648919243366,1,80.85114288330078,80.85114288330078,81.45
4.83587457309477,1,81.0248031616211,81.0248031616211,81.63
4.846003432990983,1,81.19912719726562,81.19912719726562,81.81
4.856055428972468,1,81.37545776367188,81.37545776367188,81.99000000000001
4.866103827953339,1,81.58920288085938,81.58920288085938,82.17
4.876163162989542,1,81.76802062988281,81.76802062988281,82.35000000000001
4.8862394380848855,1,81.94731903076172,81.94731903076172,82.53
4.8963331379927695,1,82.12690734863281,82.12690734863281,82.71000000000001
4.906454704934731,1,82.3066635131836,82.3066635131836,82.89
4.916518195997924,1,82.48651885986328,82.48651885986328,83.07000000000001
4.92666818597354,1,82.66643524169922,82.66643524169922,83.25
4.936871431069449,1,82.84638214111328,82.84638214111328,83.43
4.946897138142958,1,83.02635955810547,83.02635955810547,83.61
4.957019108114764,1,83.20633697509766,83.20633697509766,83.79
4.967092402977869,1,83.3863296508789,83.3863296508789,83.97
4.977160759968683,1,83.56632232666016,83.56632232666016,84.15
4.987304670037702,1,83.74632263183594,83.74632263183594,84.33
4.997379194013774,1,83.92631530761719,83.92631530761719,84.50999999999999
5.007490359945223,1,84.10631561279297,84.10631561279297,84.69
5.017604110063985,1,84.28631591796875,84.28631591796875,84.86999999999999
5.027640989050269,1,84.46631622314453,84.46631622314453,85.05
5.037735765101388,1,84.64631652832031,84.64631652832031,85.22999999999999
5.047818202059716,1,84.82337188720703,84.82337188720703,85.41
5.057814926141873,1,84.99799346923828,84.99799346923828,85.58999999999999
5.067945207934827,1,85.17818450927734,85.17818450927734,85.77
5.078040593070909,1,85.35492706298828,85.35492706298828,85.95
5.088157216086984,1,85.53636932373047,85.53636932373047,86.13
5.098318679956719,1,85.70789337158203,85.70789337158203,86.31
5.108389050932601,1,85.91616821289062,85.91616821289062,86.49
5.118467014981434,1,86.09217071533203,86.09217071533203,86.67
5.12861909205094,1,86.27767944335938,86.27767944335938,86.85
5.138677428010851,1,86.46270751953125,86.46270751953125,87.03
5.148736607981846,1,86.63754272460938,86.63754272460938,87.21
5.158803105121478,1,86.81319427490234,86.81319427490234,87.39
5.168941646115854,1,86.99041748046875,86.99041748046875,87.57
5.179034905973822,1,87.16873931884766,87.16873931884766,87.75
5.189093166962266,1,87.34774780273438,87.34774780273438,87.92999999999999
5.1992529320996255,1,87.52716064453125,87.52716064453125,88.11
5.209290445083752,1,87.70979309082031,87.70979309082031,88.28999999999999
5.219378622947261,1,87.91038513183594,87.91038513183594,88.47
5.229487575124949,1,88.11500549316406,88.11500549316406,88.65
5.2395319561474025,1,88.31153869628906,88.31153869628906,88.83
5.249601159011945,1,88.50162506103516,88.50162506103516,89.01
5.259678966132924,1,88.68762969970703,88.68762969970703,89.19
5.269744381075725,1,88.87118530273438,88.87118530273438,89.37
5.279962303116918,1,89.05328369140625,89.05328369140625,89.55
5.2899570560548455,1,89.23452758789062,89.23452758789062,89.73
5.30016356613487,1,89.4152603149414,89.4152603149414,89.91
5.310247526969761,1,89.59568786621094,89.59568786621094,90.0
5.3203346179798245,1,89.78036499023438,89.78036499023438,90.0
5.330321764107794,1,89.96839141845703,89.96839141845703,90.0
5.340447110123932,1,90.15840148925781,90.15840148925781,90.0
5.350523685105145,1,90.34957122802734,90.34957122802734,90.0
5.3605472419876605,1,90.54143524169922,90.54143524169922,90.0
5.370600712951273,1,90.73370361328125,90.73370361328125,90.0
5.380662077106535,1,90.92620849609375,90.92620849609375,90.0
5.390801253030077,1,91.15740203857422,91.15740203857422,90.0
5.400879984954372,1,91.35015106201172,91.35015106201172,90.0
5.411015341989696,1,91.5429458618164,91.5429458618164,90.0
5.421027896925807,1,91.68506622314453,91.68506622314453,90.0
5.431157290935516,1,91.76898956298828,91.76898956298828,90.0
5.441162415081635,1,91.81854248046875,91.81854248046875,90.0
5.451242594048381,1,91.8478012084961,91.8478012084961,90.0
5.461400222033262,1,91.86508178710938,91.86508178710938,90.0
5.471546674147248,1,91.87528228759766,91.87528228759766,90.0
5.481747145066038,1,91.88130950927734,91.88130950927734,90.0
5.4919372911099344,1,91.8848648071289,91.8848648071289,90.0
5.5020180160645396,1,91.886962890625,91.886962890625,90.0
5.51204448309727,1,91.8882064819336,91.8882064819336,90.0
5.522094151005149,1,91.8889389038086,91.8889389038086,90.0
5.532226508948952,1,91.88937377929688,91.88937377929688,90.0
5.542301631998271,1,91.8896255493164,91.8896255493164,90.0
5.552446410059929,1,91.88977813720703,91.88977813720703,90.0
5.5625914230477065,1,91.8898696899414,91.8898696899414,90.0
5.572770572965965,1,91.8899154663086,91.8899154663086,90.0
5.582808518083766,1,91.88994598388672,91.88994598388672,90.0
5.59287871606648,1,91.88996887207031,91.88996887207031,90.0
5.60290353000164,1,91.88997650146484,91.88997650146484,90.0
5.612942910986021,1,91.88998413085938,91.88998413085938,90.0
5.6229529129341245,1,91.8899917602539,91.8899917602539,90.0
5.633019484113902,1,91.8899917602539,91.8899917602539,90.0
5.643347928067669,1,91.8899917602539,91.8899917602539,90.0
5.653335941024125,1,91.8899917602539,91.8899917602539,90.0
5.663376320153475,1,91.8899917602539,91.8899917602539,90.0
5.673445990076289,1,91.8899917602539,91.8899917602539,90.0
5.683536841068417,1,91.8899917602539,91.8899917602539,90.0
5.693634523078799,1,91.8899917602539,91.8899917602539,90.0
5.703735409071669,1,91.8899917602539,91.8899917602539,90.0
5.713796464027837,1,91.8899917602539,91.8899917602539,90.0
5.723866567015648,1,91.8899917602539,91.8899917602539,90.0
5.733937716111541,1,91.8899917602539,91.8899917602539,90.0
5.74406404606998,1,91.8899917602539,91.8899917602539,90.0
5.754245781106874,1,91.8899917602539,91.8899917602539,90.0
5.7642508239950985,1,91.8899917602539,91.8899917602539,90.0
5.774371407926083,1,91.8899917602539,91.8899917602539,90.0
5.784380801953375,1,91.8899917602539,91.8899917602539,90.0
5.794497672934085,1,91.8899917602539,91.8899917602539,90.0
5.804620017064735,1,91.8899917602539,91.8899917602539,90.0
5.8146872711367905,1,91.8899917602539,91.8899917602539,90.0
5.824751202017069,1,91.8899917602539,91.8899917602539,90.0
5.834909503115341,1,91.8899917602539,91.8899917602539,90.0
5.84508666000329,1,91.8899917602539,91.8899917602539,90.0
5.855167701141909,1,91.8899917602539,91.8899917602539,90.0
5.86532527115196,1,91.8899917602539,91.8899917602539,90.0
5.875393842114136,1,91.8899917602539,91.8899917602539,90.0
5.8854106101207435,1,91.8899917602539,91.8899917602539,90.0
5.895449253031984,1,91.8899917602539,91.8899917602539,90.0
5.905520149040967,1,91.8899917602539,91.8899917602539,90.0
5.915588801028207,1,91.8899917602539,91.8899917602539,90.0
5.925729361129925,1,91.8899917602539,91.8899917602539,90.0
5.935827590990812,1,91.8899917602539,91.8899917602539,90.0
5.945942322956398,1,91.8899917602539,91.8899917602539,90.0
5.95601044408977,1,91.8899917602539,91.8899917602539,90.0
5.966025003930554,1,91.8899917602539,91.8899917602539,90.0
5.976157794939354,1,91.8899917602539,91.8899917602539,90.0
5.9861844619736075,1,91.8899917602539,91.8899917602539,90.0
5.996228493051603,1,91.8899917602539,91.8899917602539,90.0
6.006288248114288,1,91.8899917602539,91.8899917602539,90.0
6.016375134931877,1,91.8899917602539,91.8899917602539,90.0
6.027033786987886,1,91.8899917602539,91.8899917602539,90.0
6.036757840076461,1,91.8899917602539,91.8899917602539,90.0
6.046953312121332,1,91.8899917602539,91.8899917602539,90.0
6.057047744980082,1,91.8899917602539,91.8899917602539,90.0
6.0670417421497405,1,91.8899917602539,91.8899917602539,90.0
6.07711533899419,1,91.8899917602539,91.8899917602539,90.0
6.087163146119565,1,91.8899917602539,91.8899917602539,90.0
6.097298793960363,1,91.8899917602539,91.8899917602539,90.0
6.107461370993406,1,91.8899917602539,91.8899917602539,90.0
6.117610098095611,1,91.8899917602539,91.8899917602539,90.0
6.127659927122295,1,91.8899917602539,91.8899917602539,90.0
6.137814908055589,1,91.8899917602539,91.8899917602539,90.0
6.1478846000973135,1,91.8899917602539,91.8899917602539,90.0
6.157912024995312,1,91.8899917602539,91.8899917602539,90.0
6.167965694097802,1,91.8899917602539,91.8899917602539,90.0
6.177997084101662,1,91.8899917602539,91.8899917602539,90.0
6.188089624047279,1,91.8899917602539,91.8899917602539,90.0
6.198229108937085,1,91.8899917602539,91.8899917602539,90.0
6.208484308095649,1,91.8899917602539,91.8899917602539,90.0
6.218537758104503,1,91.8899917602539,91.8899917602539,90.0
6.228662529960275,1,91.8899917602539,91.8899917602539,90.0
6.238723315997049,1,91.8899917602539,91.8899917602539,90.0
6.248809301992878,1,91.8899917602539,91.8899917602539,90.0
6.2590648219920695,1,91.8899917602539,91.8899917602539,90.0
6.269023803062737,1,91.8899917602539,91.8899917602539,90.0
6.279117333935574,1,91.8899917602539,91.8899917602539,90.0
6.289337930036709,1,91.8899917602539,91.8899917602539,90.0
6.299401120049879,1,91.8899917602539,91.8899917602539,90.0
6.309518669964746,1,91.8899917602539,91.8899917602539,90.0
6.319584300974384,1,91.8899917602539,91.8899917602539,90.0
6.329655817942694,1,91.8899917602539,91.8899917602539,90.0
6.339726632926613,1,91.8899917602539,91.8899917602539,90.0
6.3498483940493315,1,91.8899917602539,91.8899917602539,90.0
6.359936410095543,1,91.8899917602539,91.8899917602539,90.0
6.370014484040439,1,91.8899917602539,91.8899917602539,90.0
6.380095198052004,1,91.8899917602539,91.8899917602539,90.0
6.3901416070293635,1,91.8899917602539,91.8899917602539,90.0
6.400216683978215,1,91.8899917602539,91.8899917602539,90.0
6.410299874143675,1,91.8899917602539,91.8899917602539,90.0
6.420306136133149,1,91.8899917602539,91.8899917602539,90.0
