iteration,err_norm,position_error,orientation_error,tcp_x,tcp_y,tcp_z,q0_dda_joint_linear_track,q1_dda_joint_carriage,q2_dda_joint_base,q3_dda_joint_shoulder,q4_dda_joint_elbow,q5_dda_joint_wrist1,q6_dda_joint_wrist2,q7_dda_joint_wrist3,dq0_dda_joint_linear_track,dq1_dda_joint_carriage,dq2_dda_joint_base,dq3_dda_joint_shoulder,dq4_dda_joint_elbow,dq5_dda_joint_wrist1,dq6_dda_joint_wrist2,dq7_dda_joint_wrist3
0,4.703373692190137,2.7594844261998004,2.7734925708537097,0.47255,3.7499999999986655,2.697,0.0,0.0,0.0,0.0,0.0,0.0,0.0,0.0,0.0,0.0,0.0,0.0,0.0,0.0,0.0,0.0
1,4.037260824390229,2.7122317753198546,2.2404972338004314,1.1087058685879363,4.174089171537032,2.653596950789689,0.5831988719842747,0.14631589533475514,-0.1811460092408352,0.20957092777092556,0.11992317869757137,0.03650117097083254,-0.2040078678873369,0.019360263832031425,0.5831988719842747,0.14631589533475514,-0.1811460092408352,0.20957092777092556,0.11992317869757137,0.03650117097083254,-0.2040078678873369,0.019360263832031425
2,2.63631668522211,1.697187610121741,1.7945501351697337,1.9930258602641344,3.6084698232885795,1.7973139463967034,0.7441088500419314,-0.7791203918608662,-0.8010297922872804,1.0199619400553983,0.5023706954234906,-0.4893630228554868,0.0802364262301479,-0.3510367950005061,0.16090997805765672,-0.9254362871956214,-0.6198837830464452,0.8103910122844727,0.3824475167259192,-0.5258641938263193,0.2842442941174848,-0.37039705883253754
3,2.1411727501054174,1.454756457487595,1.4435269410832365,2.221647040749366,3.3934993312340063,1.5739692620289394,0.864092207033613,-0.8645274645174751,-0.94026563865456,1.1733540901033797,0.5812906155650426,-0.4830700936915248,-0.0857274847307159,-0.3483575500773656,0.11998335699168161,-0.08540707265660885,-0.1392358463672796,0.15339215004798135,0.07891992014155202,0.006292929163961958,-0.1659639109608638,0.0026792449231405335
4,1.7352152736121922,1.221514100510481,1.1613022070261247,2.3513737465532083,3.1423818923014495,1.4365215778171398,0.9357609659685611,-0.9578133133264661,-1.075781211003178,1.2669154123803013,0.6366327885932559,-0.4646683986677356,-0.23650969249732473,-0.34237199108309657,0.07166875893494806,-0.09328584880899105,-0.13551557234861789,0.0935613222769216,0.055342173028213315,0.01840169502378919,-0.15078220776660883,0.005985558994269002
5,1.4370965513634353,1.0555741961038936,0.9329695315152408,2.414013932344143,2.9505054971675593,1.369487963211061,0.9717326979630159,-1.0,-1.198997781566765,1.3128263696142195,0.6723614917368896,-0.4421337343012071,-0.37414577077579186,-0.32620754389015644,0.0359717319944548,-0.04218668667353387,-0.12321657056358704,0.04591095723391825,0.035728703143633744,0.022534664366528512,-0.13763607827846713,0.016164447192940135
6,1.2226605220711289,0.9453980243754805,0.7483188291892539,2.4378992755200612,2.8235136989198835,1.3478309737672458,0.986552115823889,-1.0,-1.3043794069176429,1.326762883689273,0.6952808184008313,-0.41795140480916976,-0.4960898926682428,-0.30552696842325827,0.014819417860873152,0.0,-0.10538162535087792,0.013936514075053585,0.022919326663941697,0.024182329492037358,-0.12194412189245096,0.020680575466898166
7,1.0488629890889234,0.8482123627951486,0.5996005973894473,2.440826538212339,2.7195118717286304,1.3522598206493708,0.9897889584394324,-1.0,-1.3922374903302759,1.3209083250575877,0.7109393293830679,-0.39131770968270846,-0.6005247531190027,-0.287236780798601,0.003236842615543356,0.0,-0.08785808341263301,-0.00585455863168538,0.015658510982236584,0.0266336951264613,-0.10443486045075984,0.018290187624657284
8,0.9067937674014518,0.7621077662811354,0.48017298293893207,2.4320526501322193,2.634650929644404,1.371541029912953,0.9863296492207797,-1.0,-1.465122296334049,1.3030606668423719,0.722188569560542,-0.3621751276871008,-0.6878980387854519,-0.2736857332280144,-0.003459309218652673,0.0,-0.072884806003773,-0.017847658215215834,0.011249240177474085,0.029142581995607653,-0.0873732856664492,0.01355104757058656
9,0.7897160568186372,0.6857159958545064,0.38444450805325886,2.417432500566771,2.56451048885288,1.3981106942817987,0.9799212544556202,-1.0,-1.5261396232512603,1.2790595683849884,0.7305429774238045,-0.3315708709707498,-0.7599879292570509,-0.26554500445614543,-0.006408394765159531,0.0,-0.0610173269172114,-0.02400109845738352,0.00835440786326247,0.03060425671635103,-0.07208989047159908,0.008140728771868999
10,0.6926330902850415,0.6181187668675934,0.30778235931084846,2.4005318924397177,2.505547466189251,1.4272216221027845,0.9730520402528995,-1.0,-1.5779414600761095,1.2528515552605641,0.7367941616984998,-0.30081807501299784,-0.8190171585203078,-0.26244256709052044,-0.006869214202720686,0.0,-0.05180183682484918,-0.026208013124424223,0.006251184274695287,0.030752795957751933,-0.05902922926325682,0.003102437365624988
11,0.6117688203706019,0.5585721509134188,0.24641226738305597,2.383424111428606,2.45521158296096,1.4560628318238724,0.9671224535096674,-1.0,-1.622532903028969,1.2268807497509389,0.7414189681449945,-0.2710039489108029,-0.8671680301294631,-0.26358057069209156,-0.005929586743232074,0.0,-0.04459144295285955,-0.025970805509625272,0.004624806446494767,0.029814126102194916,-0.04815087160915532,-0.0011380036015711248
12,0.5441637659185347,0.5063393328495176,0.19728966475243237,2.3672402689764764,2.411694883052123,1.4830828466024937,0.9627638187681007,-1.0,-1.6613812931276963,1.2025297789360738,0.7447619093802833,-0.24285425036837574,-0.9063886334859459,-0.26808246829613314,-0.004358634741566725,0.0,-0.038848390098727315,-0.024350970814865036,0.0033429412352887766,0.028149698542427187,-0.03922060335648281,-0.0045018976040415715
13,0.4874237024403621,0.4606475156925789,0.157970371012961,2.3525341071499004,2.3736867088684543,1.5075226761158655,0.9601375252843224,-1.0,-1.6955665791002268,1.180483689844161,0.7470992087488291,-0.21676847033452448,-0.9383413711222595,-0.2751436697881448,-0.002626293483778297,0.0,-0.034185285972530455,-0.022046089091912746,0.0023372993685457644,0.026085780033851258,-0.031952737636313566,-0.007061201492011671
14,0.43957666405512624,0.42070824464141116,0.12649639422492018,2.339515929708981,2.3402057949319515,1.5291075557710374,0.9591525455585181,-1.0,-1.7258998710340712,1.1609927304351035,0.748657976698995,-0.19290369972865778,-0.9644110541344887,-0.28408076609536614,-0.000984979725804247,0.0,-0.030333291933844375,-0.01949095940905754,0.0015587679501659624,0.023864770605866698,-0.026069683012229228,-0.008937096307221337
15,0.3989902007484494,0.3857547191345583,0.10130062095385191,2.3281991068672285,2.310495729532285,1.547847812488554,0.9596029103503227,-1.0,-1.7530048406344185,1.1440495438183924,0.7496227943943805,-0.17125573322371743,-0.9857348920466125,-0.29433610706052993,0.00045036479180460276,0.0,-0.02710496960034736,-0.016943186616711126,0.0009648176953854781,0.021647966504940358,-0.021323837912123778,-0.010255340965163784
16,0.3643176086067387,0.355073979988901,0.08112919690247829,2.3184901943577336,2.283960269337162,1.5639121151047402,0.9612463943023174,-1.0,-1.7773716269465498,1.1295039047015216,0.7501404543979571,-0.15172238403409982,-1.0032382202762462,-0.3054653509745156,0.001643483951994651,0.0,-0.024366786312131294,-0.01454563911687079,0.0005176600035765588,0.019533349189617605,-0.01750332822963374,-0.011129243913985676
17,0.33445667113953165,0.32802713641211173,0.06497898403878809,2.3102434498369546,2.2601218117905906,1.5775480460819735,0.963845487866489,-1.0,-1.7993926808218823,1.1171348450159682,0.7503252257096047,-0.1341482555197204,-1.0176692574557902,-0.3171201809221482,0.0025990935641716506,0.0,-0.022021053875332486,-0.012369059685553463,0.00018477131164762461,0.017574128514379422,-0.01443103717954397,-0.011654829947632617
18,0.3085136910439744,0.3040579479461871,0.05204739917276361,2.3032931571635324,2.2385932751486823,1.58903337268013,0.9671861509485846,-1.0,-1.8193871141782703,1.106694709171922,0.7502644841698973,-0.11835449309500687,-1.0296303092508858,-0.329031166744144,0.003340663082095574,0.0,-0.019994433356387953,-0.010440135844046239,-6.074153970736518e-05,0.01579376242471353,-0.011961051795095656,-0.01191098582199579
19,0.2857704612384516,0.2826926079606313,0.04169226364231206,2.297472236822593,2.2190580552674932,1.5986471019926392,0.9710843528702529,-1.0,-1.8376177043287776,1.0979351015535321,0.7500241302540848,-0.10415755082639018,-1.039604657980732,-0.34099256184873306,0.0038982019216682318,0.0,-0.01823059015050732,-0.008759607618389786,-0.00024035391581256338,0.014196942268616689,-0.00997434872984626,-0.011961395104589045
20,0.26565397225072457,0.26353392164776085,0.03339969286225325,2.2926224453066273,2.2012551594790946,1.60665317718971,0.9753863800178901,-1.0,-1.854303110114194,1.090621336527867,0.7496533840197158,-0.09138035725709492,-1.0479791816822452,-0.3528494735262174,0.004302027147637277,0.0,-0.01668540578541644,-0.007313765025665164,-0.00037074623436894605,0.012777193569295256,-0.008374523701513148,-0.011856911677484372
21,0.24770930909523736,0.24625254834133425,0.026758423266977863,2.2885994634765177,2.1849678807502175,1.6132921505322417,0.9799662884783635,-1.0,-1.8696268817202413,1.0845397047984877,0.7491887824209741,-0.07985841827070338,-1.0550630841043998,-0.3644873086874295,0.004579908460473403,0.0,-0.015323771606047254,-0.0060816317293792554,-0.0004646015987417318,0.011521938986391547,-0.007083902422154509,-0.011637835161212085
22,0.23157614674334528,0.23057722591977087,0.021439286800799207,2.28527492349992,2.1700150246241177,1.6187777948292543,0.9847223092965371,-1.0,-1.8837442612446207,1.079500343966578,0.748657371813178,-0.06944265664029342,-1.061103235049111,-0.3758232126347073,0.004756020818173612,0.0,-0.014117379524379414,-0.0050393608319097005,-0.0005314106077960457,0.010415761630409956,-0.00604015094471122,-0.011335903947277792
23,0.2169689714879356,0.21628519638650667,0.017178799397874478,2.2825366460966703,2.156244045065881,1.6232966827717854,0.9895731143302071,-1.0,-1.8967874183582571,1.0753375013142015,0.7480791790029091,-0.06000022197884572,-1.0662966338779514,-0.3867991819008867,0.004850805033669969,0.0,-0.013043157113636461,-0.004162842652376542,-0.0005781928102689404,0.009442434661447702,-0.005193398828840401,-0.010975969266179386
24,0.20366086991646867,0.2031935067364487,0.01376603696928092,2.2802878756730864,2.143525639295671,1.6270094652733522,0.9944543569173366,-1.0,-1.9088695488952212,1.071908325843628,0.7474690797299451,-0.051414096063757284,-1.070800474248917,-0.3973765533375623,0.0048812425871295195,0.0,-0.012082130536964053,-0.003429175470573531,-0.0006100992729639598,0.008586125915088436,-0.004503840370965628,-0.010577371436675587
25,0.1914705283844538,0.19115148013102462,0.011032138608549806,2.278445998702489,2.1317494712155183,1.6300530410685583,0.9993156426317518,-1.0,-1.9200881281879905,1.0690909040940721,0.7468381868404691,-0.04358203303746108,-1.074740233650929,-0.40753161152182454,0.004861285714415131,0.0,-0.01121857929276926,-0.002817421749555793,-0.0006308928894760424,0.007832063026296202,-0.003939759402012077,-0.010155058184262267
26,0.1802519866009698,0.18003441393399663,0.008841909676562097,2.2769410413114675,2.1208207734457156,1.6325431123818,1.0041179572816805,-1.0,-1.9305275233461203,1.0667819807352505,0.7461948679711047,-0.03641517898374751,-1.0782161515607096,-0.41725209892769005,0.004802314649928752,0.0,-0.01043939515812986,-0.002308923358821602,-0.0006433188693644176,0.007166854053713569,-0.0034759179097805237,-0.009720487405865508
27,0.16988666866700816,0.16973842726387325,0.0070871036182754196,2.275714122933939,2.1106576358820552,1.6345768192637196,1.0088315214395243,-1.0,-1.940261110811862,1.0648946285365515,0.7455454842604703,-0.029836584462037165,-1.081308402313772,-0.42653445197624207,0.0047135641578437415,0.0,-0.0097335874657416,-0.001887352198699066,-0.000649383710634388,0.006578594521710349,-0.003092250753062409,-0.009282353048552017
28,0.1602772452366724,0.16017631746304284,0.005681046119615484,2.274715967897414,2.1011888321499246,1.636235273626109,1.0134340191056788,-1.0,-1.949353006388319,1.0633560192741798,0.7448949228004363,-0.02377973707846437,-1.0840812164365177,-0.4353816191943317,0.004602497666154504,0.0,-0.009091895576457176,-0.001538609262371704,-0.0006505614600339493,0.006056847383572796,-0.0027728141227456593,-0.008847167218089647
29,0.15134293677401772,0.15127426534991625,0.004554332852078203,2.2739055296854436,2.09235206865347,1.6375858965137116,1.017909144028928,-1.0,-1.9578594878569804,1.062105375465728,0.744246978729754,-0.018187184974935162,-1.0865861585036913,-0.4438013452252151,0.004475124923249307,0.0,-0.008506481468661287,-0.0012506438084518567,-0.0006479440706823603,0.005592552103529207,-0.0025049420671736655,-0.008419726030883368
30,0.14301593281341207,0.14296923411904094,0.003651386029963891,2.27324875325261,2.08409256667189,1.6386845142874793,1.0222454109415997,-1.0,-1.9658301711573771,1.0610921381291543,0.7436046289321924,-0.013009286336316699,-1.0888647307105663,-0.45180482694974927,0.004336266912671638,0.0,-0.007970683300396741,-0.001013237336573658,-0.0006423497975616144,0.005177898638618464,-0.002278572206874996,-0.00800348172453419
31,0.13523866524773293,0.1352069236971781,0.002927698094440511,2.272717482772922,2.0763619078914153,1.6395772015152767,1.026435185569577,-1.0,-1.973308987284673,1.0602743586172492,0.7429702282702154,-0.008203097825995417,-1.0909504388514615,-0.4594056662633844,0.004189774627977316,0.0,-0.00747881612729584,-0.0008177795119050923,-0.0006344006619769527,0.004806188510321281,-0.0020857081408951483,-0.007600839313635144
32,0.12796172967525768,0.12794016360582405,0.002347625245596771,2.2722885115141733,2.0691170891804864,1.640301877382264,1.0304738943850726,-1.0,-1.9803349968900312,1.059617306776044,0.7423456508318117,-0.003731401604643432,-1.0928704305830612,-0.46661905885219257,0.0040387088154956174,0.0,-0.007026009605358263,-0.0006570518412052362,-0.0006245774384037173,0.004471696221351985,-0.001919991731599735,-0.007213392588808154
33,0.1211422957905074,0.1211276486655909,0.0018826210292009794,2.271942764533367,2.062319744325338,1.6408896729552014,1.034359381663406,-1.0,-1.9869430719405283,1.0590922791327249,0.741732392338825,0.00043813687927942574,-1.0946467939464413,-0.4734611702651881,0.003885487278333377,0.0,-0.0066080750504970975,-0.0005250276433190759,-0.0006132584929866569,0.004169538483922858,-0.0017763633633800513,-0.006842111412995511
34,0.11474288569319781,0.11473294110910785,0.0015098221439906465,2.2716646018819717,2.055935499636469,1.6413660917357482,1.038091387127357,-1.0,-1.9931644679745002,1.0586755868491735,0.7411316452089901,0.004333691920968956,-1.0962975863633049,-0.47994866022787663,0.003732005463950916,0.0,-0.006221396033971871,-0.00041669228355134535,-0.0006007471298349332,0.0038955550416895305,-0.0016507924168636112,-0.006487489962688553
35,0.10873042873547234,0.10872367903790138,0.0012109161953208058,2.2714412288829884,2.0499334374358447,1.6417519876581066,1.0416711222661463,-1.0,-1.9990273059765358,1.05834770201954,0.7405443543856607,0.007979894499801243,-1.0978376500104183,-0.48609832392331,0.003579735138789397,0.0,-0.005862838002035575,-0.00032788482963352905,-0.0005872908233294227,0.003646202578832287,-0.0015400636471134543,-0.0061496636954333495
36,0.10307552444135186,0.10307094456659238,0.0009712351558283281,2.27126220006529,2.04428564692579,1.6420643843729086,1.045100927380732,-1.0,-2.0045569793506886,1.0580925413957294,0.7399712596256541,0.011398356335453132,-1.0992792579961792,-0.49192682523821274,0.0034298051145855712,0.0,-0.005529673374152777,-0.0002551606238105908,-0.0005730947600065539,0.003418461835651889,-0.0014416079857608732,-0.0058285013149027565
37,0.0977518624146607,0.09774875569582911,0.0007790295223593217,2.271119004036019,2.0389668461982113,1.6423171581923313,1.0483839946542985,-1.0,-2.0097764986516506,1.057896868051673,0.7394129282132906,0.01460811360416293,-1.1006326265882553,-0.49745050202220137,0.003283067273566642,0.0,-0.005219519300962094,-0.0001956733440564573,-0.0005583314123634997,0.003209757268709798,-0.0013533685920761318,-0.005523676783988629
38,0.09273576121053921,0.09273365433581413,0.0006248871433288991,2.2710047176274823,2.033954062455602,1.6425216050182176,1.0515241451991024,-1.0,-2.0147067844704263,1.0577497933740376,0.7388697808547141,0.017626001793308067,-1.1019063214294196,-0.502685227470664,0.003140150544803877,0.0,-0.004930285818775637,-0.00014707467763530602,-0.0005431473585765234,0.003017888189145137,-0.0012736948411642413,-0.0052347254484626515
39,0.08800579787764594,0.08800436938177343,0.0005012678714356517,2.270913718870483,2.029226360102998,1.6426869092932068,1.054525650197529,-1.0,-2.019366917039874,1.0576423638001007,0.7383421126571545,0.020466971937004273,-1.1031075798648364,-0.5076463150058763,0.003001504998426663,0.0,-0.00466013256944775,-0.00010742957393694574,-0.000527668197559561,0.002840970143696206,-0.001201258435416852,-0.004961087535212294
40,0.08354250709486416,0.08354153870688606,0.0004021309616846713,2.2708414495953955,2.0247646084002695,1.6428205307231034,1.0573930880277251,-1.0,-2.0237743496347047,1.0575672187366068,0.7378301105074544,0.02314435721270322,-1.1042425668892566,-0.5123484566495099,0.0028674378301960513,0.0,-0.004407432594830674,-7.514506349393102e-05,-0.0005120021497001526,0.002677385275698947,-0.0011349870244201643,-0.004702141643633584
41,0.07932813416070139,0.07932747771829154,0.00032263671170990385,2.270784219669308,2.020551281964331,1.6429285223436632,1.0601312307169213,-1.0,-2.027945091621107,1.0575183079865191,0.7373338677565233,0.025670097670376514,-1.105316578564444,-0.5168056869771358,0.0027381426891961436,0.0,-0.0041707419864023265,-4.891075008761625e-05,-0.0004962427509310752,0.0025257404576732936,-0.0010740116751875028,-0.004457230327625905
42,0.07534643003079448,0.07534598498956917,0.00025890756283146465,2.2707390459990666,2.0165702886779395,1.6430157915138932,1.0627449542583907,-1.0,-2.031893866010166,1.0574906587326585,0.7368533968365901,0.028054929754880234,-1.1063342038602793,-0.5210313664224189,0.0026137235414693816,0.0,-0.00394877438905894,-2.7649253860673184e-05,-0.0004804709199331958,0.00238483208450372,-0.0010176252958351562,-0.00422567944528307
43,0.07158247950507059,0.07158217765513929,0.00020783679212339838,2.270703520444578,2.0128068205697613,1.6430863136399834,1.0652391683088125,-1.0,-2.035634245545339,1.0574801836580623,0.7363886402472141,0.030308546287456852,-1.1072994535806542,-0.5250381790371933,0.002494214050421828,0.0,-0.003740379535173144,-1.0475074596172362e-05,-0.00046475658937605857,0.002253616532576618,-0.0009652497203749277,-0.004006812614774424
44,0.06802255581413201,0.0680223508971697,0.00016693529023587608,2.2706757016867334,2.009247224035889,1.6431433068746955,1.0676187615901218,-1.0,-2.03917877067479,1.0574835231210953,0.7359394802164877,0.032439731698378466,-1.108215863222296,-0.5288381408797204,0.0023795932813093224,0.0,-0.003544525129450804,3.3394630329919295e-06,-0.0004491600307263699,0.0021311854109216134,-0.0009164096416418577,-0.0037999618425270665
45,0.06465399644639434,0.06465385710354601,0.0001342088187268698,2.270654026880948,2.00587888641952,1.643189374688148,1.0698885599847285,-1.0,-2.042539052198219,1.057497915458329,0.7355057472564156,0.034456476545271085,-1.1090865751813013,-0.5324426160507824,0.0022697983946067257,0.0,-0.003360281523429265,1.4392337233770647e-05,-0.0004337329600720974,0.0020167448468926194,-0.0008707119590052326,-0.0036044751710619938
46,0.06146509624174097,0.06146500122476692,0.00010805961074663353,2.2706372396069123,2.0026901364865495,1.6432266220513565,1.0720532948605033,-1.0,-2.0457258609138442,1.0575210904752814,0.7350872277726549,0.03636607470190893,-1.1099144045892173,-0.5358623380692018,0.002164734875774732,0.0,-0.0031868087156250446,2.3175016952370342e-05,-0.00041851948376070425,0.001909598156637847,-0.0008278294079160364,-0.0034197220184194466
47,0.05844501466281362,0.05844494958268858,8.720737787249395e-05,2.270624331206774,1.9996701567565556,1.6432567499940682,1.0741175796126605,-1.0,-2.048749206207205,1.0575511820220125,0.734683670849355,0.03817520604934488,-1.1107018921650955,-0.5391074348098877,0.0020642847521572527,0.0,-0.0030233452933607907,3.0091546731059182e-05,-0.0004035569232998526,0.0018091313474359466,-0.0007874875758782096,-0.003245096740685849
48,0.055583694820739625,0.05558364994045405,7.062573199548228e-05,2.270614493097885,1.996808905991172,1.6432811324726266,1.0760858927805153,-1.0,-2.051618405205467,1.057586656255655,0.7342947943033435,0.03989000703364367,-1.1114513467623042,-0.5421874556468084,0.0019683131678547294,0.0,-0.0028691989982618793,3.547423364258506e-05,-0.00038887654601149624,0.0017148009842987907,-0.0007494545972086541,-0.003080020836920716
49,0.05287179233606896,0.05287176107251994,5.7490781004086985e-05,2.270607078062994,1.994097050421253,1.6433008787915773,1.0779625664019108,-1.0,-2.0543421438573164,1.0576262527828388,0.7339202900840068,0.04151613106100183,-1.1121648797296166,-0.5451113997730808,0.0018766736213955415,0.0,-0.0027237386518494944,3.959652718377171e-05,-0.0003745042193367132,0.001626124027358164,-0.0007135329673124691,-0.002923944126272393
50,0.05030061250004499,0.05030059040738299,4.7139262318486726e-05,2.2706015688704664,1.9915259025228402,1.643316884245662,1.0797517785183983,-1.0,-2.0569285310799192,1.057668936367977,0.7335598290829615,0.04305880037123717,-1.1128444327640505,-0.5478877449288871,0.0017892121164875263,0.0,-0.0025863872226028484,4.268358513814796e-05,-0.0003604610010453646,0.001542669310235334,-0.0006795530344338996,-0.002776345155806381
51,0.04786205449686786,0.047862038576713194,3.9034262282035106e-05,2.270597552869199,1.9890873663397972,1.64332987116952,1.0814575489494977,-1.0,-2.059385146932923,1.0577138573032243,0.7332130654090202,0.044522850755072424,-1.1134918005834968,-0.5505244759698208,0.0017057704310994293,0.0,-0.0024566158530037185,4.4920935247327876e-05,-0.00034676367394126384,0.0014640503838352567,-0.0006473678194462984,-0.0026367310409336486
52,0.04554856167680147,0.04554854991034869,3.273716271295515e-05,2.270594701445794,1.9867738885057882,1.643340422185748,1.0830837376224427,-1.0,-2.0617190856286745,1.0577603188755362,0.732879640177713,0.04591277025099457,-1.1141086494709134,-0.5530291128652473,0.0016261886729449504,0.0,-0.002333938695751492,4.646157231191772e-05,-0.0003334252313071939,0.001389919495922147,-0.0006168488874165323,-0.0025046368954264597
53,0.043353077049279515,0.043353068080021755,2.7885149358592864e-05,2.270592753432927,1.9845784142463931,1.6433490071146633,1.0846340448812555,-1.0,-2.0639369940623697,1.0578077506469472,0.732559184859869,0.0472327327664711,-1.1146965325233915,-0.5554087378377144,0.0015503072588127775,0.0,-0.0022179084336952926,4.743177141097732e-05,-0.00032045531784397063,0.0013199625154765304,-0.0005878830524781442,-0.0023796249724671314
54,0.04126900330677735,0.04126899622544852,2.4174487731259137e-05,2.270591501724176,1.9824943477484998,1.643356004739745,1.0861120133112185,-1.0,-2.066045106441371,1.057855686495646,0.7322513242299481,0.04848662740969218,-1.11525690226662,-0.5576700214478457,0.0014779684299630613,0.0,-0.0021081123790014367,4.7935848698887895e-05,-0.0003078606299209419,0.001253894643221079,-0.0005603697432285948,-0.002261283610131337
55,0.03929016680298244,0.03929016100187004,2.1349531771595855e-05,2.2705907824876324,1.980515516372731,1.6433617204016226,1.0875210307062835,-1.0,-2.068049275505775,1.0579037465558914,0.7319556789515763,0.04967808418645486,-1.115791121158577,-0.5598192475004644,0.0014090173950649376,0.0,-0.0020041690644037047,4.8060060245269653e-05,-0.0002956452783717811,0.0011914567767626824,-0.0005342188919568169,-0.0021492260526186913
56,0.03741078499950908,0.03741078007383178,1.9196605617582424e-05,2.2705904664832564,1.9786361382587785,1.6433664002122432,1.0888643338814064,-1.0,-2.069955000759502,1.0579516223513146,0.7316718678348793,0.05081049660776922,-1.1163004703981225,-0.5618623367016712,0.0013433031751228786,0.0,-0.0019057252537271197,4.7875795423202305e-05,-0.0002838111166970636,0.0011324124213143577,-0.0005093492395455979,-0.0020430892012067714
57,0.03562543696890798,0.03562543265011447,1.7541091003348805e-05,2.270590452081287,1.976850792935677,1.6433702425327328,1.0901450130922765,-1.0,-2.071767454070264,1.0579990645445325,0.7313995097975885,0.05188704166346302,-1.1167861573685607,-0.5638048690370077,0.0012806792108701615,0.0,-0.0018124533107619634,4.744219321795029e-05,-0.00027235803729075414,0.001076545055693802,-0.00048568697043815945,-0.0019425323353364776
58,0.03392903660187242,0.033929032712588285,1.6244931286809248e-05,2.270590659654589,1.975154394601462,1.6433734072374189,1.091366016873958,-1.0,-2.0734915029456507,1.0580458728311992,0.7311382255594517,0.05291069754226555,-1.1172493219784605,-0.5656521048706639,0.001221003781681551,0.0,-0.0017240488753866856,4.680828666669967e-05,-0.0002612842381367608,0.001023655878802529,-0.00046316460989981323,-0.0018472358336562023
59,0.032316808216104366,0.032316804639744734,1.5203157541561351e-05,2.2705910270795973,1.9735421677809029,1.6433760231878902,1.0925301571496624,-1.0,-2.075131731749648,1.058091887592725,0.730887639097162,0.05388425941691672,-1.117691042108367,-0.5674090047873033,0.0011641402757043284,0.0,-0.001640228803997168,4.601476152577e-05,-0.0002505864622897036,0.0009735618746511687,-0.0004417201299065088,-0.0017568999166394095
60,0.030784264305455004,0.03078426096577372,1.4338943843893262e-05,2.270591506130791,1.9720096251075656,1.6433781942606325,1.0936401144929322,-1.0,-2.0766924610877324,1.0581369829923202,0.7306473788848294,0.05481035356153866,-1.1181123383295122,-0.569080248213349,0.0011099573432697962,0.0,-0.0015607293380845988,4.509539959518527e-05,-0.0002402602123325881,0.0009260941446219417,-0.0004212962211451732,-0.0016712434260457432
61,0.029327185202412988,0.02932718204977146,1.3597960734231438e-05,2.270592059594684,1.9705525470084486,1.643380004206466,1.0946984434523754,-1.0,-2.078177765558131,1.0581810612565716,0.73041707894293,0.05569145002597404,-1.1185141780269539,-0.5706702508649689,0.0010583289594432443,0.0,-0.0014853044703984075,4.4078264251457e-05,-0.0002302999418994922,0.0008810964644353769,-0.0004018396974416749,-0.001590002651619904
62,0.027941600455985156,0.027941597458165185,1.294289162295503e-05,2.2705926589626206,1.9691669630967459,1.6433815205669595,1.0957075778688627,-1.0,-2.079591490040974,1.0582240479317666,0.730196379716692,0.05652987405652102,-1.1188974790328678,-0.5721831810766758,0.0010091344164873117,0.0,-0.0014137244828433815,4.298667519497812e-05,-0.00022069922623790816,0.000838424030546979,-0.0003833010059139941,-0.0015129302117068422
63,0.026623771751581725,0.026623768887662824,1.2348631031211238e-05,2.2705932825887105,1.9678491351017173,1.6433827978299296,1.096669836131771,-1.0,-2.0809372646751187,1.0582658879425642,0.7299849288030175,0.05732781642319643,-1.1192631128545414,-0.5736229750683274,0.0009622582629082999,0.0,-0.0013457746341445365,4.1840010797544736e-05,-0.00021145091367458235,0.0007979423666754151,-0.00036563382167353886,-0.0014397939916516167
64,0.025370177220456296,0.025370174476756227,1.179872776535435e-05,2.2705939142212066,1.96659554118482,1.6433838799712168,1.0975874263341838,-1.0,-2.0822185186536863,1.0583065423119362,0.7297823815432819,0.05808734278930415,-1.1196119075648214,-0.5749933512100782,0.0009175902024127769,0.0,-0.001281253978567598,4.0654369372061794e-05,-0.00020254725973556376,0.000759526366107717,-0.0003487947102800426,-0.0013703761417508398
65,0.024177497004153732,0.02417749437155846,1.1282472034176823e-05,2.2705945418334066,1.965402861508638,1.6433848025016524,1.0984624512975822,-1.0,-2.083438492953411,1.0583459854268717,0.7295884014977262,0.05881040223880031,-1.1199446504094306,-0.576297823345048,0.0008750249633984186,0.0,-0.0012199742997247576,3.944311493553343e-05,-0.00019398004555570836,0.0007230594494961606,-0.0003327428446091574,-0.0013044721349697586
66,0.023042599954878843,0.023042597427096297,1.0793008877829237e-05,2.270595156694526,1.964267964940243,1.643385594115209,1.099296913444982,-1.0,-2.0846002520991727,1.0583842027551984,0.7294026608156285,0.05949883506003073,-1.1202620901749798,-0.5775397132285675,0.0008344621473996838,0.0,-0.001161759145761554,3.82173283266507e-05,-0.00018574068209764594,0.0006884328212304197,-0.00031743976554921005,-0.0012418898835194758
67,0.021962531366005133,0.021962528938441313,1.032602089211363e-05,2.270595752632643,1.9631878967837064,1.6433862780158315,1.1000927195081456,-1.0,-2.085706695053332,1.0584211889359028,0.7292248405140406,0.06015437987027362,-1.120564939353084,-0.5787221621411593,0.000795806063163651,0.0,-0.0011064429541591814,3.6986180704357e-05,-0.00017782030158797202,0.0006555448102428876,-0.000302849178104303,-0.0011824489125918936
68,0.020934501638559894,0.020934499307602567,9.87882930314134e-06,2.2705963254511974,1.962159867447919,1.643386872985435,1.1008516850597243,-1.0,-2.0867605653093158,1.0584569461792348,0.729054630676574,0.0607786801536743,-1.1208538761292932,-0.5798481417301727,0.0007589655515787275,0.0,-0.001053870255983913,3.575724333204633e-05,-0.00017020983746662832,0.0006243002834006792,-0.0002889367762091144,-0.0011259795890133928
69,0.019955875799584195,0.019955873562158073,9.449733240537274e-06,2.270596872468097,1.9611812419658445,1.6433873942434736,1.1015755388652781,-1.0,-2.0877644602601215,1.0584914829242287,0.7288917305825359,0.06137329027521341,-1.121129546220218,-0.5809204641323994,0.0007238538055538424,0.0,-0.0010038949508057726,3.4536744993873825e-05,-0.00016290009403807648,0.0005946101215391145,-0.00027567009092477335,-0.0010723224022266553
70,0.019024163797137568,0.01902416165043568,9.037477485325191e-06,2.270597392152627,1.9602495302901206,1.6433878541387088,1.1022659270532922,-1.0,-2.08872083990476,1.0585248127105455,0.7287358487756224,0.061939681024974144,-1.121392564577982,-0.5819417914272094,0.000690388188014035,0.0,-0.0009563796446383499,3.3329786316871335e-05,-0.00015588180691350484,0.0005663907497607326,-0.0002630183577640999,-0.0010213272948099705
71,0.018137011504434735,0.018137009445761514,8.641440204917952e-06,2.2705978838402143,1.9593623782975933,1.6433882627059,1.1029244171037278,-1.0,-2.0896320349490236,1.05855695322913,0.7285867030803915,0.06247924473990176,-1.1216435169777357,-0.5829146444668585,0.0006584900504356117,0.0,-0.0009111950442637351,3.214051858435596e-05,-0.00014914569523083454,0.000539563714927617,-0.00025095239975359007,-0.0009728530396491131
72,0.017292192372448036,0.017292190399136563,8.260997340301407e-06,2.2705983475091616,1.95851755944219,1.6433886281137955,1.1035525016574999,-1.0,-2.0905002543511424,1.0585879255223645,0.7284440205738353,0.06299330004426458,-1.121882961501254,-0.5838414111277196,0.000628084553772057,0.0,-0.0008682194021187861,3.097229323456574e-05,-0.00014268250655624648,0.000514055304362819,-0.00023944452351831735,-0.0009267666608611114
73,0.01648759967633362,0.016487597785706236,7.895731476355134e-06,2.270598783606527,1.9577129670015256,1.6433889570256537,1.1041516021506264,-1.0,-2.091327592357789,1.0586177533094907,0.7283075375185583,0.06348309624493197,-1.122111429927471,-0.5847243540233348,0.0005991004931265032,0.0,-0.000827338006646805,2.982778712623535e-05,-0.00013648305527702576,0.0004897962006673862,-0.00022846842621704333,-0.0008829428956151908
74,0.01572123930637283,0.01572123749572806,7.545168796507405e-06,2.270599192912995,1.9569466068679675,1.6433892548893918,1.1047230722778096,-1.0,-2.0921160350714265,1.0586464624172238,0.7281769992633331,0.06394981741325102,-1.1223294290390515,-0.5855656177174133,0.0005714701271832823,0.0,-0.0007884427136373162,2.8709107733115857e-05,-0.00013053825522513218,0.0004667211683190564,-0.00021799911158049134,-0.0008412636940785534
75,0.01499122305886023,0.014991221325476613,7.209021006498629e-06,2.270599576438571,1.9562165908396099,1.6433895261711224,1.105268201290897,-1.0,-2.0928674665860165,1.0586740802988994,0.7280521601161425,0.06439458618159244,-1.1225374418526999,-0.586367235472241,0.0005451290130873421,0.0,-0.0007514315145900063,2.7617881675601197e-05,-0.00012483914719063627,0.00044476876834141643,-0.00020801281364835056,-0.000801617754827677
76,0.014295762386584513,0.01429576072772974,6.886851792522774e-06,2.2705999353426036,1.955521130370812,1.6433897745431543,1.1057882171381495,-1.0,-2.093583674724622,1.0587006356282993,0.727932783194219,0.06481846727944937,-1.122735928779767,-0.587131135565436,0.0005200158472524752,0.0,-0.0007162081386056229,2.6555329399879923e-05,-0.00011937692192354188,0.00042388109785693184,-0.00019848692706703197,-0.0007639000931949358
77,0.013633162572305013,0.01363316098525094,6.578149634049543e-06,2.2706002708729622,1.9548585307457198,1.6433900030353605,1.106284289450531,-1.0,-2.094266356409317,1.058726157956608,0.7278186402550636,0.06522247083122895,-1.1229253287227985,-0.587859147205597,0.0004960723123814681,0.0,-0.0006826816846947636,2.5522328308769104e-05,-0.00011414293915534834,0.00040400355177958036,-0.00018939994303157626,-0.0007280116401610082
78,0.013001817291997965,0.013001815774035617,6.282673096639117e-06,2.2706005843202437,1.9542271856415425,1.6433902141570882,1.1067575323813799,-1.0,-2.0949171226910583,1.0587506774228532,0.7277095115119413,0.06560755543550091,-1.123106060112915,-0.5885530060751429,0.0004732429308489383,0.0,-0.0006507662817414328,2.451946624515422e-05,-0.00010912874312229981,0.0003850846042719597,-0.00018073139011653971,-0.0006938588695459824
79,0.012400203537630834,0.012400202086082836,5.999859618338075e-06,2.2706008769837482,1.9536255720513487,1.6433904099953742,1.107209007305869,-1.0,-2.095537503464713,1.0587742245097496,0.7276051854369253,0.0659746310434073,-1.1232785218923016,-0.5892143595265431,0.00045147492448904814,0.0,-0.0006203807736544498,2.354708689633611e-05,-0.00010432607501598135,0.0003670756079063864,-0.00017246177938656793,-0.0006613534514001707
80,0.011826876871943571,0.011826875484177365,5.729336613899293e-06,2.270601150146608,1.953052245538868,1.6433905922940977,1.1076397253866066,-1.0,-2.0961289518922097,1.0587968298381674,0.7275054585541828,0.06632456165213968,-1.1234430944455833,-0.589844771456179,0.0004307180807376909,0.0,-0.0005914484274969212,2.260532841780183e-05,-9.97268827425124e-05,0.00034993060873238224,-0.0001645725532817277,-0.0006304119296358657
81,0.011280466990135712,0.011280465663573163,5.470695030752483e-06,2.2706014050580343,1.9525058358001908,1.6433907625178055,1.1080506500116427,-1.0,-2.0966928485548264,1.058818523994517,0.7274101352258493,0.06665816782782033,-1.1236001404834384,-0.5904457268782597,0.00041092462503611316,0.0,-0.0005638966626166919,2.1694156349560956e-05,-9.532332833350754e-05,0.00033360617568065076,-0.00015704603785504645,-0.0006009554220807178
82,0.010759673565516265,0.010759672297642959,5.223404337673868e-06,2.270601642921042,1.951985042509432,1.6433909219031997,1.1084426991109768,-1.0,-2.0972305053538327,1.0588393373862324,0.7273190274325397,0.06697622907074303,-1.1237500058814591,-0.5910186362195239,0.0003920490993341019,0.0,-0.000537656799006303,2.0813391715446272e-05,-9.110779330956387e-05,0.0003180612429227042,-0.00014986539802075427,-0.0005729093412641939
83,0.010263262358189371,0.010263261146559474,4.986971418614182e-06,2.2706018648843833,1.9514886314274238,1.643391071500709,1.1088167473574952,-1.0,-2.097743169177109,1.0588593001212838,0.727231954550274,0.06727948603471504,-1.1238930204769741,-0.5915648393539025,0.0003740482465184325,0.0,-0.0005126638232764158,1.9962735051448632e-05,-8.707288226572629e-05,0.0003032569639720012,-0.00014301459551502305,-0.0005462031343785867
84,0.00979006156756709,0.009790060409809481,4.7611483611455825e-06,2.270602072037674,1.9510154307542393,1.643391212208068,1.1091736282580507,-1.0,-2.098232025347923,1.0588784419082609,0.7271487431253557,0.06756864261116616,-1.124029498826299,-0.5920856093948704,0.0003568809005554119,0.0,-0.0004888561708140671,1.9141786977039388e-05,-8.32114249182947e-05,0.0002891565764511217,-0.00013647834932495329,-0.000520770040967955
85,0.009338958411150462,0.00933895730497154,4.545464826429717e-06,2.2706022654089195,1.9505643277079798,1.6433913447974755,1.109514136140182,-1.0,-2.0986982008707313,1.0588967919740917,0.7270692266485302,0.06784436788773826,-1.1241597409246733,-0.5925821562618865,0.00034050788213124683,0.0,-0.00046617552280814323,1.835006583084109e-05,-7.95164768254697e-05,0.000275725276572103,-0.0001302420983742003,-0.0004965468670160567
86,0.008908895913459959,0.008908894856644986,4.339385979155565e-06,2.270602445963844,1.9501342653137108,1.6433914699375745,1.1098390280397403,-1.0,-2.0991427674876952,1.058914378996892,0.726993245329562,0.06810729799022,-1.1242840328909538,-0.5930556300360887,0.00032489189955842157,0.0,-0.000444566616963904,1.7587022800302776e-05,-7.598131896824345e-05,0.00026293010248173987,-0.00012429196628049866,-0.0004734737742022599
87,0.008498869890297174,0.008498868880711436,4.1425228118926105e-06,2.27060261460651,1.9497242393877303,1.6433915882112684,1.11014902549446,-1.0,-2.099566744558525,1.058931231051805,0.7269206458732043,0.06835803781593365,-1.124402647618986,-0.5935071241192851,0.0003099974547196016,0.0,-0.00042397707082963976,1.6852054913085723e-05,-7.25994563577359e-05,0.00025073982571365006,-0.00011861472803209594,-0.00045149408319633544
88,0.008107926114745409,0.008107925150334826,3.95462332139234e-06,2.2706027721808804,1.9493332957035747,1.6433917001301788,1.1104448162482725,-1.0,-2.099971101775289,1.058947375568,0.7268512812573883,0.06859716266600278,-1.1245158453974275,-0.5939376782092316,0.0002957907538125859,0.0,-0.0004043572167642395,1.6144516194804837e-05,-6.936461581596998e-05,0.00023912485006913342,-0.0001131977784416538,-0.0004305540899465221
89,0.007735157652385534,0.0077351567311750545,3.775143828058096e-06,2.2706029194730286,1.9489605273272375,1.6433918061463964,1.110727055870945,-1.0,-2.1003567617229395,1.0589628392952533,0.7267850105143294,0.06882521978332067,-1.1246238744996833,-0.5943482811032347,0.0002822396226724866,0.0,-0.00038565994765038525,1.546372725336198e-05,-6.62707430588716e-05,0.00022805711731788136,-0.00010802910225571338,-0.0004106028940030759
90,0.007379702354186658,0.007379701474279877,3.6037403975410446e-06,2.270603057213774,1.9486050721100654,1.6433919066620506,1.110996369297386,-1.0,-2.1007246022954886,1.0589776482787614,0.7267216985151347,0.06904272980249028,-1.124726971745496,-0.5947398733412262,0.0002693134264410979,0.0,-0.0003678405725491274,1.4808983508141083e-05,-6.331199919473729e-05,0.00021751001916961443,-0.00010309724581269997,-0.00039159223799156706
91,0.007040740496454638,0.007040739656032834,3.4400711132324195e-06,2.270603186081574,1.9482661103287107,1.643392002037119,1.1112533522907564,-1.0,-2.1010754589770446,1.0589918278410155,0.7266612157583956,0.06925018811751196,-1.1248253630356448,-0.5951133496986496,0.0002569829933702916,0.0,-0.0003508566815559888,1.4179562254135192e-05,-6.048275673908865e-05,0.000207458315021683,-9.839129014888037e-05,-0.0003734763574233524
92,0.006717492558019735,0.006717491755337866,3.283872452273194e-06,2.270603306705551,1.9479428624623187,1.643392092595814,1.1114985728333016,-1.0,-2.101410126996223,1.0590054025697293,0.7266034381631625,0.06944806617254659,-1.1249192638611134,-0.5954695615387425,0.0002452205425451659,0.0,-0.0003346680191782525,1.3574728713772188e-05,-5.777759523306614e-05,0.00019787805503462819,-9.390082546856249e-05,-0.00035621184009293483
93,0.006409217125603346,0.006409216358990257,3.134773681714556e-06,2.270603419668572,1.9476345870979024,1.643392178631817,1.1117325724486296,-1.0,-2.1017293633618426,1.0590183963109503,0.7265482468666198,0.06963681268067619,-1.1250088797880062,-0.5958093190331151,0.00023399961532799551,0.0,-0.0003192363656197017,1.2993741220990174e-05,-5.5191296542744794e-05,0.00018874650812959748,-8.96159268928276e-05,-0.000339757494372539
94,0.006115208918994088,0.0061152081868485475,2.9924262442745927e-06,2.270603525510278,1.9473405789555163,1.6433922604125901,1.1119558674589536,-1.0,-2.102033888787247,1.059030832166594,0.726495528026714,0.0698168547752135,-1.125094406919426,-0.5961333932588849,0.00022329501032403165,0.0,-0.0003045254254043783,1.2435855643699867e-05,-5.2718839905763204e-05,0.0001800420945373138,-8.552713141973811e-05,-0.0003240742257698548
95,0.00583479692827729,0.005834796229066902,2.856518010058855e-06,2.2706036247300587,1.9470601670254917,1.6433923381829258,1.1121689501806415,-1.0,-2.1023243895100623,1.0590427324957488,0.726445172629929,0.0699885990977771,-1.1251760323354472,-0.5964425181800452,0.00021308272168796272,0.0,-0.00029050072281533446,1.190032915476813e-05,-5.0355396784995676e-05,0.00017174432256360228,-8.162541602119155e-05,-0.00030912492116030865
96,0.005567342655948907,0.005567341988207207,2.7266274886945052e-06,2.270603717789908,1.9467927128105507,1.643392412167895,1.1123722900612354,-1.0,-2.102601519013741,1.0590541189191773,0.7263970763043482,0.07015243282704124,-1.1252539345122676,-0.5967373925202029,0.00020333988059384467,0.0,-0.0002771295036785304,1.1386423428572101e-05,-4.809632558078203e-05,0.0001638337292641373,-7.790217682046574e-05,-0.0002948743401576248
97,0.005312238457256475,0.005312237819580381,2.6028878165369286e-06,2.270603805117142,1.9465376086661492,1.643392482575289,1.112566334760933,-1.0,-2.102865899656785,1.0590650123265222,0.7263511391381042,0.07030872465178808,-1.1253282837215555,-0.5970186815333263,0.00019404469969752647,0.0,-0.0002643806430442375,1.0893407344836348e-05,-4.593716624401445e-05,0.0001562918247468431,-7.434920928783839e-05,-0.00028128901312340915
98,0.0050689059726031155,0.005068905363650258,2.484609447403937e-06,2.270603887106988,1.9462942762328828,1.6433925495976707,1.1127515111813682,-1.0,-2.1031181242151504,1.0590754328857799,0.7263072655032734,0.0704578256916363,-1.1253992424109596,-0.5972870186786831,0.0001851764204352513,0.0,-0.00025222455836537705,1.0420559257706685e-05,-4.3873634830826624e-05,0.00014910103984822065,-7.095868940409922e-05,-0.00026833714535678954
99,0.004836794646281988,0.004836794064769051,2.3717668564117723e-06,2.2706039641250015,1.946062164955223,1.6433926134140826,1.1129282264443727,-1.0,-2.103358757342953,1.0590854000546719,0.7262653638852421,0.07060007036857963,-1.125466965566696,-0.597543007205725,0.00017671526300455653,0.0,-0.0002406331278024254,9.967168892011102e-06,-4.1901618031303656e-05,0.00014224467694332055,-6.772315573644327e-05,-0.0002559885270418949
100,0.004615380326230025,0.004615379770929508,2.2639959496632525e-06,2.270604036509342,1.9458407506812714,1.6433926741914997,1.1130968688232594,-1.0,-2.103588336956258,1.0590949325935817,0.7262253467175419,0.07073577723225914,-1.1255316010590801,-0.5977872216542851,0.00016864237888669642,0.0,-0.00022957961330494214,9.53253890978445e-06,-4.001716770019037e-05,0.00013570686367951612,-6.463549238411304e-05,-0.00024421444856015384
101,0.004404163939847117,0.004404163409585689,2.1612335156583096e-06,2.2706041045728904,1.945629534338581,1.6433927320860517,1.1132578086290335,-1.0,-2.103807375544414,1.0591040485797738,0.7261871302221267,0.07086524974168777,-1.1255932899718284,-0.5980202092750938,0.00016093980577402967,0.0,-0.00021903858815619515,9.115986192131942e-06,-3.821649541524419e-05,0.00012947250942862976,-6.168891274827004e-05,-0.00023298762080870006
102,0.004202670241274541,0.004202669734930939,2.0629364745417294e-06,2.2706041686052174,1.9454280406814355,1.6433927872440752,1.113411399053806,-1.0,-2.1040163614131044,1.0591127654226458,0.7261506342550444,0.07098877700596821,-1.1256521669159092,-0.5982424913752815,0.0001535904247724762,0.0,-0.00020898586869044777,8.716842871958619e-06,-3.649596708221736e-05,0.00012352726428044303,-5.887694408079902e-05,-0.00022228210018770955
103,0.004010446625857297,0.004010446142359786,1.9693224900005205e-06,2.27060422887441,1.945235817105312,1.6433928398030055,1.113557976973565,-1.0,-2.10421575986301,1.0591210998797995,0.726115782157438,0.07110663448637168,-1.1257083603286868,-0.5984545645932328,0.0001465779197591388,0.0,-0.0001993984499053525,8.334457153758024e-06,-3.485209760645258e-05,0.000117857480403466,-5.619341277762757e-05,-0.00021207321795124745
104,0.003827062007789969,0.003827061546113841,1.8797919679523022e-06,2.2706042856287576,1.9450524325245273,1.6433928898921584,1.1136978637123471,-1.0,-2.10440601430773,1.0591290680737395,0.7260825006117941,0.0712190846619943,-1.1257619927590625,-0.5986569021068662,0.00013988673878206903,0.0,-0.00019025444472031694,7.968193940000035e-06,-3.3281545643859545e-05,0.00011245017562261372,-5.36324303757052e-05,-0.00020233751363341046
105,0.0036521057572146574,0.00365210531638067,1.7945848962457916e-06,2.2706043390983095,1.9448774763093384,1.643392937633399,1.1138313657697392,-1.0,-2.104587547334384,1.0591366855090378,0.7260507195033499,0.07132637766105887,-1.1258131811392833,-0.5988499547791508,0.00013350205739204313,0.0,-0.0001815330266539128,7.617435298312714e-06,-3.1781108444262074e-05,0.00010729299906457601,-5.1188380220779095e-05,-0.00019305267228464373
106,0.0034851866933081044,0.0034851862723810664,1.7127910906675778e-06,2.2706043894963166,1.9447105572790293,1.643392983141735,1.1139587755135418,-1.0,-2.10476076171008,1.059143967089824,0.7260203717865513,0.07142875185980119,-1.125862037044053,-0.5990341522444264,0.00012740974380265335,0.0,-0.00017321437569606246,7.281580786111519e-06,-3.0347716798551083e-05,0.00010237419874231657,-4.885590476977342e-05,-0.00018419746527553738
107,0.003325932130105892,0.0033259317281910967,1.635058727782575e-06,2.270604437020549,1.9445513027477344,1.6433930265258339,1.1140803718393288,-1.0,-2.104926041337259,1.0591509271374744,0.7259913933564566,0.07152643445075374,-1.125908666937554,-0.5992099039388645,0.00012159632578701007,0.0,-0.00016527962717871603,6.960047650439449e-06,-2.897843009475043e-05,9.76825909525525e-05,-4.662989350090463e-05,-0.0001757516944381754
108,0.0031739869720198806,0.003173986588263784,1.560714360806643e-06,2.2706044818545172,1.94439935761996,1.643393067888481,1.1141964207985435,-1.0,-2.105083752160722,1.0591575794084,0.7259637229249635,0.07161964198212672,-1.12595317240895,-0.5993776000781984,0.00011604895921468739,0.0,-0.00015771082346338616,6.65227092566667e-06,-2.767043149309867e-05,9.320753137298521e-05,-4.45054713960058e-05,-0.00016769613933387273
109,0.0030290128562396514,0.0030290124898251277,1.489818066352742e-06,2.2706045241685913,1.9442543835329817,1.6433931073269907,1.1143071761966905,-1.0,-2.105234243028984,1.059163937111836,0.7259373019017401,0.07170858086988005,-1.1259956503969224,-0.5995376125856522,0.00011075539814697777,0.0,-0.0001504908682616879,6.357703435933004e-06,-2.642102322336637e-05,8.893888775332592e-05,-4.247798797241131e-05,-0.00016001250745378837
110,0.0028906873393233627,0.002890686989471472,1.4221048701335377e-06,2.270604564121025,1.9441160580434411,1.6433931449335728,1.1144128801630955,-1.0,-2.105377846512427,1.0591700129275583,0.7259120742797325,0.07179344788398227,-1.1260361934037562,-0.5996902959728192,0.0001057039664049686,0.0,-0.00014360348344322205,6.0758157223173015e-06,-2.5227622007628625e-05,8.486701410222175e-05,-4.0543006833759776e-05,-0.00015268338716700747
111,0.0027587031255381336,0.0027587027915035394,1.3575603930868206e-06,2.270604601858908,1.9439840738556808,1.6433931807956625,1.114513763693636,-1.0,-2.105514879680591,1.0591758190234601,0.7258879865251197,0.07187443061025925,-1.126074889699472,-0.5998359881760681,0.00010088353054049648,0.0,-0.00013703316816382483,5.8060959018391145e-06,-2.4087754612822643e-05,8.098272627697634e-05,-3.869629571573441e-05,-0.00014569220324889276
112,0.0026327673345798645,0.0026327670156507596,1.295801413196992e-06,2.270604637519023,1.943858138089469,1.6433932149962205,1.1146100471677631,-1.0,-2.105645644840784,1.0591813670729298,0.725864987471585,0.07195170788915227,-1.126111823516474,-0.5999750113509004,9.628347412715677e-05,0.0,-0.00013076516019294715,5.548049469616956e-06,-2.299905353464471e-05,7.727727889302038e-05,-3.693381700209386e-05,-0.00013902317483227566
113,0.002512600806520715,0.0025126005020169747,1.23706564787141e-06,2.2706046712286523,1.9437379715849454,1.643393247614004,1.1147019408410785,-1.0,-2.1057704302400775,1.0591866682719835,0.7258430282187736,0.07202545023262479,-1.1261470752351637,-0.6001076726265333,9.189367331541298e-05,0.0,-0.00012478539929361432,5.301199053731054e-06,-2.1959252811454277e-05,7.374234347251596e-05,-3.525171868967725e-05,-0.00013266127563293928
114,0.002397937441913202,0.0023979371511853777,1.1808641407585205e-06,2.2706047031063012,1.9436233082427263,1.643393278723819,1.1147896453146533,-1.0,-2.105889510732624,1.059191733356112,0.7258220620348016,0.07209582022038362,-1.126180721560942,-0.6002342648228487,8.770447357475675e-05,0.0,-0.00011908049254660824,5.065084128563768e-06,-2.096618397195993e-05,7.036998775883374e-05,-3.364632577840254e-05,-0.00012659219631538932
115,0.002288523575149321,0.0022885232975771003,1.1271819859193829e-06,2.270604733262372,1.9435138943972636,1.6433933083967474,1.114873351982224,-1.0,-2.1060031484141213,1.059196572616809,0.7258020442626884,0.07216297287651162,-1.12621283569301,-0.6003550671317174,8.370666757073764e-05,0.0,-0.00011363768149719178,4.83926069705376e-06,-2.0017772113245513e-05,6.715265612800003e-05,-3.211413206782865e-05,-0.00012080230886868382
116,0.002184117379253202,0.0021841171142431234,1.0759835361562112e-06,2.2706047617997807,1.9434094882216368,1.6433933367003573,1.1149532434563412,-1.0,-2.1061115932251453,1.0592011959177525,0.7257829322305783,0.0722270560275444,-1.126243487485348,-0.6004703457645937,7.989147411713304e-05,0.0,-0.00010844481102401105,4.623300943418229e-06,-1.9112032110024657e-05,6.408315103277606e-05,-3.065179233807669e-05,-0.00011527863287630336
117,0.002084488300418215,0.0020844880474044105,1.0267754302592858e-06,2.2706047888145195,1.9433098591620934,1.6433933636989009,1.1150294939744836,-1.0,-2.1062150835249724,1.0592056127106166,0.7257646851656263,0.07228821064296514,-1.1262727436002482,-0.6005803545681612,7.625051814241779e-05,0.0,-0.00010349029982714697,4.4167928641147824e-06,-1.8247064952015002e-05,6.115461542074985e-05,-2.92561149002335e-05,-0.0001100088035674851
118,0.0019894165206936743,0.0019894162791348844,9.80310690605592e-07,2.27060481439618,1.943214787400732,1.6433933894534922,1.115102269786113,-1.0,-2.106313846637421,1.0592098320504995,0.7257472641114159,0.07234657115903204,-1.1263006676547427,-0.6006853356097074,7.277581162945523e-05,0.0,-9.876311244871872e-05,4.219339882816087e-06,-1.7421054210431386e-05,5.8360516066890966e-05,-2.792405449447699e-05,-0.0001049810415462149
119,0.001898692447323581,0.0018986922167033087,9.358119051520916e-07,2.2706048386284285,1.943124063344844,1.6433934140222812,1.115171729521584,-1.0,-2.106408099370152,1.0592138626109495,0.7257306318487882,0.07240226578680586,-1.1263273203602646,-0.6007855197338097,6.945973547090034e-05,0.0,-9.425273273100387e-05,4.030560450063447e-06,-1.663226262771378e-05,5.569462777382794e-05,-2.665270552193455e-05,-0.00010018412410228716
120,0.0018121162273139607,0.0018121160071385748,8.93075708375704e-07,2.2706048615894443,1.9430374871414802,1.6433934374606038,1.11523802454378,-1.0,-2.106498048508793,1.0592177126985851,0.7257147528199559,0.07245541680518985,-1.1263527596558585,-0.6008811270918242,6.629502219612782e-05,0.0,-8.994913864102116e-05,3.850087635592914e-06,-1.587902883226633e-05,5.3151018383990056e-05,-2.543929559384317e-05,-9.560735801450448e-05
121,0.0017294972859186225,0.0017294970757169654,8.526277244639635e-07,2.270604883352323,1.9429548682159363,1.6433934598211357,1.11530129928331,-1.0,-2.106583891287168,1.059221390267296,0.7256995930557842,0.0725061408397548,-1.1263770408352405,-0.6009723676455814,6.327473952993934e-05,0.0,-8.584277837497822e-05,3.6775687108914212e-06,-1.5159764171657208e-05,5.0724034564950116e-05,-2.428117938202412e-05,-9.12405537571992e-05
122,0.0016506538877720735,0.0016506536870933243,8.137180174277081e-07,2.2706049039854497,1.942876024832886,1.6433934811540267,1.1153616915580469,-1.0,-2.1066658158348517,1.059224902932026,0.725685120106119,0.07255454912807272,-1.1264002166679965,-0.6010594416466183,6.039227473686459e-05,0.0,-8.192454768352064e-05,3.512664729976578e-06,-1.4472949665278456e-05,4.8408288317911e-05,-2.31758327560172e-05,-8.70740010369131e-05
123,0.0015754127194966636,0.0015754125279112726,7.768637178979756e-07,2.270604923552835,1.9428007836789902,1.6433935015070311,1.1154193328777582,-1.0,-2.1067440016031913,1.059228257982134,0.7256713029730492,0.07260074777224827,-1.1264223375151927,-0.6011425400921986,5.7641319711310146e-05,0.0,-7.818576833962254e-05,3.3550501079560036e-06,-1.3817133069804477e-05,4.619864417555741e-05,-2.212084719621643e-05,-8.309844558029855e-05
124,0.0015036084926794858,0.0015036083097764825,7.414731564894326e-07,2.270604942114435,1.9427289794658709,1.6433935209256298,1.1154743487345427,-1.0,-2.1068186197708827,1.0592314623943329,0.7256581120469906,0.07264483797929445,-1.1264434514396566,-0.601221845159303,5.50158567844683e-05,0.0,-7.461816769138707e-05,3.2044121989205365e-06,-1.3190926058559427e-05,4.4090207046182384e-05,-2.111392446391136e-05,-7.93050671044071e-05
125,0.001435083566149663,0.0014350833915369565,7.077659420393804e-07,2.2706049597264375,1.9426604545523911,1.6433935394531427,1.1155268588797425,-1.0,-2.1068898336301283,1.059234522845211,0.725645519045483,0.07268691628996639,-1.1264636043111802,-0.6012975306177093,5.251014519980224e-05,0.0,-7.121385924557799e-05,3.0604508780562867e-06,-1.2593001507577029e-05,4.207831067193357e-05,-2.0152871523571037e-05,-7.568545840630492e-05
126,0.001369687586587279,0.0013696874198899896,6.756653814765721e-07,2.2706049764415264,1.9425950585852625,1.6433935571308407,1.1155769775879778,-1.0,-2.1069577989543435,1.0592374457233356,0.7256334969545943,0.07272707479663293,-1.1264828399068794,-0.6013697622232178,5.011870823534714e-05,0.0,-6.796532421526891e-05,2.9228781246448676e-06,-1.2022090888685888e-05,4.015850666654053e-05,-1.9235595699163e-05,-7.223160550851038e-05
127,0.0013072771465007637,0.0013072769873614643,6.45067120251469e-07,2.27060499230913,1.9425326481570242,1.643393573998043,1.1156248139089153,-1.0,-2.107022664348336,1.0592402371409475,0.7256220199728299,0.07276540135073412,-1.1265012000069348,-0.6014386980920201,4.78363209375221e-05,0.0,-6.486539399253033e-05,2.7914176119470113e-06,-1.1476981764402261e-05,3.8326554101186794e-05,-1.836010005540345e-05,-6.893586880230007e-05
128,0.0012477154587245637,0.001247715306801494,6.154738792200002e-07,2.270605007375649,1.9424730864805388,1.6433935900922167,1.115670471907347,-1.0,-2.10708457158182,1.0592429029452504,0.725611063457448,0.07280197976034357,-1.1265187244859303,-0.6015044890571574,4.5657998431591906e-05,0.0,-6.190723348398208e-05,2.6658043028593426e-06,-1.0956515381965737e-05,3.657840960945291e-05,-1.7524478995500914e-05,-6.57909651372579e-05
129,0.0011908720465639904,0.0011908719015304434,5.877936757599206e-07,2.27060502168466,1.9424162430791385,1.643393605449066,1.1157140508921342,-1.0,-2.1071436559070973,1.0592454487293008,0.7256006038730836,0.07283688997832759,-1.1265354513999928,-0.6015672790079618,4.3578984787240316e-05,0.0,-5.9084325277236616e-05,2.5457840504561347e-06,-1.0459584364408414e-05,3.491021798401883e-05,-1.6726914062514808e-05,-6.278995080444272e-05
130,0.001136622448824161,0.0011366223103686016,5.611232037473612e-07,2.2706050352771157,1.9423619934916545,1.643393620102621,1.115755645634545,-1.0,-2.1072000463616782,1.05924787984251,0.7255906187425902,0.07287020828156511,-1.126551417069927,-0.6016272052133267,4.159474241083316e-05,0.0,-5.6390454580945715e-05,2.4311132091892063e-06,-9.985130493328498e-06,3.331830323752283e-05,-1.5965669934114857e-05,-5.992620536487969e-05
131,0.001084847938964881,0.0010848478067898993,5.356133209351194e-07,2.2706050481915145,1.942310218991571,1.6433936340853132,1.115795346576478,-1.0,-2.107253866056587,1.059250201400762,0.725581086600008,0.07290200744166983,-1.126566656160532,-0.6016843986296071,3.970094193306295e-05,0.0,-5.381969490869665e-05,2.3215582520830225e-06,-9.532142582258096e-06,3.179916010472017e-05,-1.5239090605190242e-05,-5.719341628040997e-05
132,0.001035435257681302,0.001035435131502218,5.110033809984455e-07,2.2706050604640735,1.9422608063196058,1.64339364742806,1.115833240029056,-1.0,-2.1073052324510484,1.0592524182961587,0.725571986945571,0.07293235688763257,-1.126581201756278,-0.6017389841939091,3.789345257798615e-05,0.0,-5.136639446146063e-05,2.2168953965895355e-06,-9.09965443696148e-06,3.034944596273792e-05,-1.4545595745873996e-05,-5.458556430204542e-05
133,0.000988276358228036,0.000988276237773732,4.878850443287212e-07,2.270605072128878,1.9422136474290361,1.6433936601603338,1.1158694083620355,-1.0,-2.107354257614224,1.0592545352063996,0.7255633002026718,0.07296132286077894,-1.1265950854335065,-0.6017910811034879,3.616833297948041e-05,0.0,-4.9025163175731024e-05,2.116910240879122e-06,-8.68674289922211e-06,2.8965973146374835e-05,-1.3883677228543334e-05,-5.209690957874713e-05
134,0.0009432681638743641,0.0009432680488857784,4.655271575395301e-07,2.270605083218017,1.9421686392431519,1.643393672310231,1.1159039301844664,-1.0,-2.1074010484746255,1.0592565566038095,0.7255550076767008,0.07298896856241663,-1.126608337329322,-0.6018408030819342,3.452182243091073e-05,0.0,-4.679086040138003e-05,2.021397409901482e-06,-8.292525971009823e-06,2.7645701637685205e-05,-1.3251895815580284e-05,-4.972197844632653e-05
135,0.0009003123368725751,0.0009003122271025103,4.440446026847202e-07,2.2706050937617257,1.9421256834242253,1.6433936839045404,1.1159368805170131,-1.0,-2.107445707057801,1.0592584867640173,0.7255470915156829,0.0730153542945309,-1.1266209862073226,-0.6018882586327968,3.295033254668844e-05,0.0,-4.46585831754831e-05,1.9301602078858338e-06,-7.916161017917922e-06,2.638573211427575e-05,-1.2648878000565134e-05,-4.745555086260733e-05
136,0.000859315058387117,0.0008593149535984633,4.246177330248092e-07,2.270605103788494,1.9420846861534387,1.643393694968804,1.1159683309563209,-1.0,-2.107488330712869,1.059260329774302,0.7255395346726377,0.07304053759386263,-1.1266330595203167,-0.6019335512812524,3.145043930774527e-05,0.0,-4.262365506813026e-05,1.843010284607871e-06,-7.556843045208872e-06,2.518329933172414e-05,-1.2073312994020924e-05,-4.5292648455541595e-05
137,0.0008201868188246573,0.0008201867187922377,4.053554090480666e-07,2.2706051133251863,1.9420455579212177,1.6433937055273764,1.115998349831808,-1.0,-2.1075290123284307,1.0592620895416116,0.725532320869589,0.07306457335969209,-1.1266445834701666,-0.6019767798044039,3.0018875487147767e-05,0.0,-4.068161556158856e-05,1.7597673096503286e-06,-7.213803048689016e-06,2.4035765829460987e-05,-1.1523949849934212e-05,-4.3228523151528364e-05
138,0.0007828422180879113,0.000782842122596033,3.8628224721001985e-07,2.2706051223971424,1.9420082133274814,1.6433937156034821,1.1160270023552301,-1.0,-2.1075678405383744,1.0592637698002674,0.7255254345631558,0.07308751397562996,-1.1266555830648903,-0.6020180384507592,2.865252342210134e-05,0.0,-3.882820994371983e-05,1.6802586557673749e-06,-6.886306433195877e-06,2.2940615937869224e-05,-1.0999594723726247e-05,-4.1258646355291084e-05
139,0.0007471997752357605,0.0007471996840787626,3.6923622171175294e-07,2.270605131028278,1.9419725708913051,1.6433937252192685,1.1160543507633578,-1.0,-2.107604899918059,1.0592653741193616,0.7255188609116571,0.0731094094257061,-1.1266660821731485,-0.6020574171494123,2.7348408127680912e-05,0.0,-3.705937968456752e-05,1.6043190942394148e-06,-6.573651498698041e-06,2.1895450076137024e-05,-1.0499108258121836e-05,-3.9378698653114164e-05
140,0.0007131817471119274,0.0007131816600933371,3.513641989991563e-07,2.270605139241168,1.9419385528695479,1.6433937343958562,1.1160804544540859,-1.0,-2.1076402711713373,1.0592669059098603,0.7255125857436666,0.0731303074050288,-1.126676103576235,-0.6020950017094235,2.6103690728085382e-05,0.0,-3.5371253278349e-05,1.5317904986655861e-06,-6.275167990454911e-06,2.0897979322698212e-05,-1.0021403086479808e-05,-3.7584560011239e-05
141,0.0006807139555001809,0.0006807138724326785,3.3585511653377704e-07,2.2706051470571347,1.9419060850840082,1.64339374315339,1.1161053701162822,-1.0,-2.107674031308854,1.0592683684314192,0.7255065955279553,0.07315025342527562,-1.1266856690176903,-0.6021308740098714,2.4915662196312027e-05,0.0,-3.376013751665852e-05,1.4625215589703089e-06,-5.990215711348945e-06,1.9946020246824903e-05,-9.565441455361423e-06,-3.5872300447881145e-05
142,0.0006497256223996412,0.0006497255431039113,3.2098083538618844e-07,2.2706051544963253,1.9418750967566987,1.6433937515110808,1.1161291518536656,-1.0,-2.1077062538180384,1.0592697647989242,0.7255008773447627,0.07316929091526238,-1.1266947992506429,-0.6021651121810218,2.3781737383377077e-05,0.0,-3.222250918444303e-05,1.3963675049577517e-06,-5.7181831926156335e-06,1.9037489986759026e-05,-9.130232952569983e-06,-3.4238171150335894e-05
143,0.0006201492130132701,0.000620149137318383,3.053829302179706e-07,2.2706051615777803,1.9418455203528358,1.6433937594872534,1.1161518513029896,-1.0,-2.1077370088251848,1.0592710979887634,0.7254954188583402,0.07318746131682585,-1.1267035140829855,-0.6021977907770416,2.2699449323981824e-05,0.0,-3.07550071463325e-05,1.3331898391921726e-06,-5.458486422416087e-06,1.8170401563474825e-05,-8.714832342660017e-06,-3.267859601985279e-05
144,0.0005919202860965444,0.0005919202138393545,2.920019319991096e-07,2.270605168319506,1.9418172914311875,1.643393767099386,1.1161735177467982,-1.0,-2.107766363249997,1.059272370844844,0.7254902082907113,0.07320480417624242,-1.126711832420485,-0.6022289809406597,2.1666443808632252e-05,0.0,-2.935442481222239e-05,1.2728560805363998e-06,-5.210567628921581e-06,1.7342859416569212e-05,-8.318337499479966e-06,-3.1190163618077804e-05
145,0.0005649773513021344,0.0005649772823265417,2.7957056521317034e-07,2.2706051747385314,1.9417903485014183,1.6433937743641502,1.1161941982210042,-1.0,-2.107794380952956,1.0592735860843587,0.725485234396596,0.0732213572313961,-1.1267197723079208,-0.6022587505601585,2.068047420600294e-05,0.0,-2.8017702959015622e-05,1.2152395147957407e-06,-4.973894115356536e-06,1.6553055153675778e-05,-7.93988743574836e-06,-2.9769619498853928e-05
146,0.0005392617331827465,0.0005392616673393291,2.6656007498500305e-07,2.270605180850972,1.9417646328880918,1.643393781297449,1.1162139376175286,-1.0,-2.1078211228758477,1.0592747463033148,0.7254804864394497,0.07323715649489655,-1.126727350968344,-0.6022871644190629,1.973939652444301e-05,0.0,-2.6741922891648784e-05,1.1602189560200316e-06,-4.747957146222781e-06,1.5799263500454463e-05,-7.578660423224193e-06,-2.841385890439696e-05
147,0.0005147174415432352,0.0005147173786909063,2.537576312709815e-07,2.2706051866720793,1.9417400886010252,1.6433937879144531,1.1162327787822333,-1.0,-2.107846647175775,1.059275853981831,0.7254759541685688,0.0732522363333395,-1.1267345848405403,-0.6023142843388716,1.8841164704630486e-05,0.0,-2.5524299927415228e-05,1.1076785162433822e-06,-4.532270880930334e-06,1.5079838442941251e-05,-7.233872196366065e-06,-2.7119919808638038e-05
148,0.0004912910478351575,0.0004912909878380215,2.4303058430999715e-07,2.270605192216294,1.9417166622116793,1.643393794229634,1.1162507626083598,-1.0,-2.1078710093529645,1.0592769114892147,0.7254716277972137,0.07326662954289083,-1.126741489614783,-0.6023401693151604,1.7983826126499736e-05,0.0,-2.436217718937428e-05,1.0575073836616156e-06,-4.326371355056757e-06,1.439320955133605e-05,-6.904774242588729e-06,-2.5884976288859107e-05
149,0.0004689315672986329,0.0004689315100267969,2.318076668099177e-07,2.2706051974972965,1.9416943027353037,1.6433938002567976,1.1162679281256869,-1.0,-2.107894262372654,1.0592779210888232,0.7254674979817094,0.07328036742137033,-1.1267480802669505,-0.6023648756473737,1.7165517327111246e-05,0.0,-2.3253019689750687e-05,1.0095996085812686e-06,-4.129815504350098e-06,1.3737878479497256e-05,-6.59065216757071e-06,-2.4706332213297877e-05
150,0.0004475903465897214,0.0004475902919194974,2.2101993820356363e-07,2.2706052025280425,1.9416729615185644,1.6433938060091147,1.1162843125856003,-1.0,-2.1079164567813473,1.0592788849427222,0.7254635558014767,0.073293479836997,-1.1267543710910883,-0.6023884570625984,1.638445991347659e-05,0.0,-2.219440869311029e-05,9.638538989165113e-07,-3.942180232696657e-06,1.311241562666765e-05,-6.2908241378334395e-06,-2.35814152246272e-05
151,0.00042722095662603063,0.00042722090443956514,2.1283115233608674e-07,2.270605207320815,1.941652592132388,1.6433938114991502,1.1162999515422665,-1.0,-2.10793764081769,1.0592798051161443,0.7254597927399566,0.07330599529395494,-1.126760375730481,-0.6024109648336063,1.5638956666119697e-05,0.0,-2.1184036342880574e-05,9.201734221253588e-07,-3.7630615200567874e-06,1.2515456957948312e-05,-6.004639392598321e-06,-2.2507771007984623e-05
152,0.0004077790904084308,0.00040777904059290066,1.99920056238752e-07,2.270605211887257,1.9416331502697834,1.6433938167388924,1.116314878930088,-1.0,-2.107957860518233,1.0592806835817603,0.7254562006663867,0.0733179409949288,-1.1267661072073072,-0.6024324478914358,1.4927387821606075e-05,0.0,-2.021970054277844e-05,8.784656160276683e-07,-3.5920735699246364e-06,1.1945700973861606e-05,-5.731476826253967e-06,-2.1483057829452257e-05
153,0.0003892224655734557,0.0003892224180215809,1.9082797281243975e-07,2.2706052162384047,1.941614593648396,1.6433938217397788,1.116329127137613,-1.0,-2.1079771598183066,1.0592815222237666,0.7254527718183925,0.0733293429007503,-1.126771577950941,-0.6024529529327659,1.4248207524936163e-05,0.0,-1.9299300073605252e-05,8.386420062844735e-07,-3.4288479942023997e-06,1.1401905821495362e-05,-5.470743633884112e-06,-2.0505041330109997e-05
154,0.00037151073147110073,0.0003715106860797355,1.8250120749944311e-07,2.2706052203847307,1.9415968819175824,1.6433938265127208,1.1163427270780621,-1.0,-2.107995580648249,1.0592823228417982,0.7254494987853589,0.07334022578729182,-1.1267767998249607,-0.6024725245223314,1.359994044913826e-05,0.0,-1.8420829942300543e-05,8.006180316488809e-07,-3.2730330336017133e-06,1.0882886541524472e-05,-5.221874019634143e-06,-1.9571589565448022e-05
155,0.000354605380532718,0.00035460533720399115,1.7504900879369298e-07,2.2706052243361676,1.941579976569782,1.6433938310681315,1.1163557082566282,-1.0,-2.108013163025195,1.0592830871546732,0.7254463744925462,0.07335061329973609,-1.1267817841529246,-0.6024912051906078,1.2981178566073837e-05,0.0,-1.7582376945934897e-05,7.643128749901251e-07,-3.124292812684004e-06,1.0387512444268165e-05,-4.984327963919455e-06,-1.8680668276482848e-05
156,0.00033846966374688833,0.00033846962238685585,1.6726511955740805e-07,2.2706052281021427,1.94156384085599,1.643393835415944,1.1163680988346971,-1.0,-2.1080299451406397,1.059283816803977,0.7254433921859186,0.07336052800434342,-1.126786541742973,-0.6025090355269905,1.2390578068899316e-05,0.0,-1.678211544486885e-05,7.296493038655427e-07,-2.98230662765242e-06,9.914704607330571e-06,-4.757590048365401e-06,-1.7830336382695933e-05
157,0.0003230685100382626,0.0003230684705580881,1.6049041769309372e-07,2.270605231691604,1.9415484397051386,1.6433938395656371,1.1163799256911318,-1.0,-2.1080459634439688,1.0592845133574902,0.7254405454176528,0.07336999143783486,-1.1267910829113041,-0.6025260542686762,1.1826856434637989e-05,0.0,-1.60183033290906e-05,6.965535130909473e-07,-2.8467682657851157e-06,9.463433491438411e-06,-4.541168331151368e-06,-1.7018741685692618e-05
158,0.000308368449372736,0.0003083684116868687,1.5196262340524166e-07,2.2706052351130452,1.941533739647199,1.6433938435262558,1.1163912144807542,-1.0,-2.1080612527221465,1.0592851783124695,0.7254378280322982,0.07337902415450073,-1.126795417504583,-0.6025422983854498,1.1288789622421191e-05,0.0,-1.5289278177732513e-05,6.649549793014131e-07,-2.7173853546225146e-06,9.032716665871576e-06,-4.334593278754184e-06,-1.624411677358939e-05
159,0.000294337539406878,0.00029433750343357845,1.460009659995544e-07,2.2706052383745337,1.941519708739834,1.6433938473064285,1.1164019896901543,-1.0,-2.1080758461757383,1.059285813098786,0.7254352341535577,0.07338764577114178,-1.126799554921325,-0.6025578031605657,1.0775209400071262e-05,0.0,-1.4593453591782435e-05,6.347863166222822e-07,-2.5938787404644614e-06,8.621616641044105e-06,-4.1374167421004415e-06,-1.5504775115915415e-05
160,0.00028094529552576293,0.0002809452611873103,1.3818768405162858e-07,2.270605241483731,1.9415063164984345,1.643393850914391,1.1164122746909482,-1.0,-2.108089775491439,1.0592864190819258,0.7254327581716636,0.07339587500994375,-1.126803504132307,-0.6025726022679065,1.0285000793919252e-05,0.0,-1.3929315700877964e-05,6.059831396676429e-07,-2.4759818940678358e-06,8.22923880197668e-06,-3.94921098201273e-06,-1.479910734081269e-05
161,0.0002681626241022664,0.0002681625913243635,1.332800374925012e-07,2.270605244447916,1.941493533829379,1.643393854358001,1.1164220917906031,-1.0,-2.108103070911271,1.0592869975658605,0.7254303947313205,0.07340372973937996,-1.1268072737000447,-0.602586727845592,9.817099654974015e-06,0.0,-1.32954198317492e-05,5.78483934754459e-07,-2.3634403431005424e-06,7.854729436207464e-06,-3.7695677377325154e-06,-1.412557768543099e-05
162,0.00025596175883289276,0.00025596172754449673,1.264405455326822e-07,2.270605247274006,1.9414813329663692,1.643393857644756,1.116431462280941,-1.0,-2.1081157612985995,1.0592875497957936,0.7254281387201914,0.07341122701323534,-1.126810871797385,-0.6026002105662035,9.370490337889947e-06,0.0,-1.2690387328539998e-05,5.522299331151004e-07,-2.25601112913143e-06,7.497273855378017e-06,-3.598097340296036e-06,-1.3482720611524002e-05
163,0.0002443162000043722,0.00024431617013861555,1.1920928955078133e-07,2.2706052499685723,1.9414696874096975,1.6433938607818113,1.1164404064844256,-1.0,-2.108127874201124,1.0592880769607842,0.7254259852579016,0.07341838310783759,-1.1268143062252491,-0.6026130797037816,8.944203484517743e-06,0.0,-1.2112902524563651e-05,5.271649905491671e-07,-2.153462289822272e-06,7.156094602250862e-06,-3.4344278641018633e-06,-1.286913757814201e-05
164,0.00023320065655579026,0.00023320062804733682,1.1542389828584848e-07,2.2706052525378646,1.9414585718683064,1.6433938637759942,1.116448943798337,-1.0,-2.108139435910975,1.0592885801962577,0.7254239296855383,0.07342521355757951,-1.1268175844295663,-0.6026253631977453,8.537313911372024e-06,0.0,-1.1561709850838042e-05,5.032354735146072e-07,-2.0555723633242096e-06,6.830449741923594e-06,-3.2782043171142305e-06,-1.2283493963649583e-05
165,0.00022259099080150288,0.00022259096358875438,1.0950072449966577e-07,2.270605254987822,1.9414479622045155,1.64339386663382,1.1164570927369297,-1.0,-2.108150471522054,1.0592890605864047,0.725421967555623,0.07343173318881153,-1.1268207135174375,-0.6026370877138766,8.148938592800192e-06,0.0,-1.103561107917983e-05,4.80390146995191e-07,-1.962129915211719e-06,6.519631232021483e-06,-3.1290878712564307e-06,-1.1724516131295104e-05
166,0.00021246416570142084,0.00021246413972572612,1.0323827311807144e-07,2.270605257324095,1.9414378353812893,1.6433938693615069,1.1164648709716656,-1.0,-2.1081610049847486,1.0592895191664757,0.7254200946225366,0.07343795615217893,-1.1268237002725612,-0.6026482787025066,7.778234735855705e-06,0.0,-1.0533462694528595e-05,4.5858007102772547e-07,-1.8729330863997973e-06,6.222963367399914e-06,-2.9867551236684164e-06,-1.119098863000545e-05
167,0.00020279819454839627,0.00020279816975345117,1.0106459234841571e-07,2.270605259552053,1.9414281694119244,1.6433938719649877,1.1164722953696098,-1.0,-2.108171059158136,1.0592899569249739,0.7254183068333753,0.0734438959534765,-1.1268265511699562,-0.6026589604540314,7.424397944211236e-06,0.0,-1.0054173387619159e-05,4.377584981174465e-07,-1.7877891613782282e-06,5.939801297566438e-06,-2.8508973950458483e-06,-1.0681751524854732e-05
168,0.00019357209296902965,0.00019357206930163595,9.424321830774487e-08,2.270605261676806,1.941418943312052,1.6433938744499244,1.116479382030077,-1.0,-2.108180655859797,1.0592903748057505,0.7254166003192196,0.07344956548308969,-1.126829272390014,-0.602669156151883,7.086660467114925e-06,0.0,-9.596701660896656e-06,4.178807766486159e-07,-1.7065141556527053e-06,5.6695296131864525e-06,-2.7212200577331203e-06,-1.019569785154495e-05
169,0.0001847658331292944,0.00018476581053734762,9.185692672385244e-08,2.270605263703217,1.9414101370538401,1.6433938768217207,1.1164861463196027,-1.0,-2.1081898159133465,1.0592907737100097,0.7254149713867981,0.07345497704408563,-1.1268318698319104,-0.6026788879230706,6.764289525840184e-06,0.0,-9.160053549450708e-06,3.9890425918009953e-07,-1.6289324215046364e-06,5.411560995940978e-06,-2.5974418964569423e-06,-9.73177118757107e-06
170,0.00017636030003484728,0.0001763602784699639,8.688795409866128e-08,2.270605265635907,1.9414017315222998,1.6433938790855336,1.1164926029053217,-1.0,-2.10819855919379,1.0592911544982218,0.7254134165105264,0.0734601423790187,-1.1268343491264075,-0.6026881768864074,6.45658571896135e-06,0.0,-8.743280443646029e-06,3.807882120732131e-07,-1.5548762717365605e-06,5.16533493306881e-06,-2.479294497037543e-06,-9.28896333685092e-06
171,0.00016833724984645604,0.00016833722926207188,8.161702118890975e-08,2.270605267479279,1.9413937084735946,1.6433938812462832,1.1164987657868226,-1.0,-2.108206904670803,1.0592915179919544,0.725411932324906,0.07346507269550728,-1.1268367156480699,-0.6026970431985267,6.162881500904049e-06,0.0,-8.345477013005365e-06,3.634937326690846e-07,-1.4841856204039772e-06,4.930316488585551e-06,-2.3665216624113583e-06,-8.866312119271136e-06
172,0.00016067927009806669,0.0001606792504495078,7.884953353001449e-08,2.2706052692375227,1.9413860504952616,1.6433938833086672,1.1165046483265497,-1.0,-2.1082148704500288,1.05929186497562,0.7254105156172672,0.0734697786906412,-1.126838974526927,-0.6027055060977914,5.8825397271089486e-06,0.0,-7.965779225571623e-06,3.46983665577838e-07,-1.4167076387572308e-06,4.705995133913454e-06,-2.2588788570754303e-06,-8.462899264705115e-06
173,0.00015336974173968632,0.0001533697229843856,7.300048299977716e-08,2.270605270914622,1.941378740968254,1.6433938852771668,1.1165102632788189,-1.0,-2.108222473812489,1.0592921961981483,0.7254091633208395,0.07347427057427096,-1.1268411306596025,-0.6027135839461933,5.61495226913955e-06,0.0,-7.6033624600846395e-06,3.3122252829365095e-07,-1.3522964277257188e-06,4.491883629761939e-06,-2.156132675512623e-06,-8.077848401955023e-06
174,0.0001463928029227527,0.00014639278502028195,7.300048299977716e-08,2.270605272514374,1.9413717640307262,1.6433938871560598,1.1165156228175106,-1.0,-2.108229731252191,1.0592925123745816,0.7254078725081349,0.07347855809123256,-1.1268431887199377,-0.6027212942693345,5.35953869174044e-06,0.0,-7.257439702090807e-06,3.161764332570982e-07,-1.2908127046129536e-06,4.287516961604121e-06,-2.0580603352637894e-06,-7.710323141174591e-06
175,0.00013973331444216264,0.00013973329735343567,6.664001874625058e-08,2.270605274040392,1.9413651045434757,1.6433938889494286,1.1165207385624996,-1.0,-2.108236658512015,1.059292814187601,0.725406640384631,0.07348265054255498,-1.1268451531691306,-0.6027286537945795,5.115744988959392e-06,0.0,-6.927259823985565e-06,3.018130194654134e-07,-1.232123503891458e-06,4.092451322421087e-06,-1.964449192870532e-06,-7.359525244998721e-06
176,0.00013337682675911328,0.0001333768104473447,6.664001874625058e-08,2.270605275496116,1.9413587480569667,1.6433938906611687,1.1165256216048802,-1.0,-2.1082432706179617,1.0592931022889844,0.72540546428274,0.07348655680569818,-1.1268470282654137,-0.6027356784874622,4.883042380665614e-06,0.0,-6.61210594676831e-06,2.8810138341661684e-07,-1.176101890987269e-06,3.90626314319964e-06,-1.875096283132649e-06,-7.024692882717787e-06
177,0.00012730954853740325,0.0001273095329674884,6.664001874625058e-08,2.2706052768848215,1.9413526807798658,1.643393892294999,1.1165302825310424,-1.0,-2.108249581911834,1.0592933773009983,0.7254043416560497,0.07349028535386647,-1.1268488180732903,-0.6027423835864282,4.660926162136647e-06,0.0,-6.311293872407475e-06,2.750120138284018e-07,-1.1226266902752968e-06,3.7285481682830524e-06,-1.789807876573235e-06,-6.705098965942291e-06
178,0.00012151831661492572,0.00012151830175267996,5.960464477539064e-08,2.2706052782096293,1.9413468895490125,1.643393893854467,1.1165347314456493,-1.0,-2.1082556060824267,1.0592936398177288,0.7254032700738259,0.07349384427443797,-1.1268505264723514,-0.6027487836359878,4.448914606935972e-06,0.0,-6.024170592588973e-06,2.62516730575868e-07,-1.0715822238438477e-06,3.558920571508639e-06,-1.7083990611066469e-06,-6.400049559651677e-06
179,0.0001159905673514231,0.00011599055316509162,5.16191365590357e-08,2.2706052794735117,1.9413413618007698,1.6433938953429605,1.116538977993569,-1.0,-2.108261356195289,1.0592938904063518,0.7254022472157632,0.07349724128655388,-1.1268521571656902,-0.6027548925183553,4.246547919750654e-06,0.0,-5.750112862301648e-06,2.5058862296312157e-07,-1.0228580626936434e-06,3.397012115907705e-06,-1.6306933388055e-06,-6.1088823675170545e-06
180,0.00011071430928980112,0.00011071429574834821,5.575503985246929e-08,2.270605280679298,1.941336085543682,1.6433938967637116,1.1165430313808058,-1.0,-2.1082668447211304,1.0592941296083478,0.7254012708669737,0.07350048375790169,-1.1268537136879333,-0.6027607234836407,4.053387236746531e-06,0.0,-5.488525841368386e-06,2.392019959884806e-07,-9.763487894831613e-07,3.2424713478085287e-06,-1.5565222430957704e-06,-5.8309652853916205e-06
181,0.0001056780970581588,0.00010567808413261936,5.16191365590357e-08,2.270605281829686,1.9413310493323803,1.6433938981198049,1.1165469003944786,-1.0,-2.108272083562927,1.0592943579406615,0.7254003389132028,0.07350357872073389,-1.1268551994129072,-0.6027662891786632,3.8690136727748126e-06,0.0,-5.2388417968174394e-06,2.283323137231008e-07,-9.31953770932914e-07,3.0949628321980116e-06,-1.4857249739375078e-06,-5.565695022413664e-06
182,0.00010087100647721051,0.0001008709941394219,5.16191365590357e-08,2.270605282927245,1.9413262422426867,1.6433938994141848,1.1165505934218878,-1.0,-2.1082770840817933,1.0592945758968093,0.7253994493362609,0.07350653288715453,-1.1268566175609556,-0.6027716016744474,3.6930274092128457e-06,0.0,-5.000518866093984e-06,2.1795614779662742e-07,-8.895769418870714e-07,2.9541664206406137e-06,-1.4181480483266284e-06,-5.312495784282056e-06
183,9.628261079475087e-05,9.628259901773815e-05,5.16191365590357e-08,2.270605283974422,1.9413216538478508,1.6433939006496616,1.1165541184687156,-1.0,-2.108281857121668,1.0592947839479379,0.7253986002096631,0.07350935266370717,-1.1268579712059221,-0.6027766724924656,3.525046827768108e-06,0.0,-4.773039874894636e-06,2.0805112854738184e-07,-8.491265978127771e-07,2.819776552642761e-06,-1.3536449665618733e-06,-5.070818018149126e-06
